?cls	?def	?xrefs
<http://vivoweb.org/ontology/core#GeopoliticalEntity>	"A geographical area which is associated with some sort of political  structure."	
<http://purl.obolibrary.org/obo/ERO_0000393>	"A service offering that describes a service in which the provider offers educational materials or events, such as courses, workshops or graduate programs, to the service consumer "	
<http://www.w3.org/2006/vcard/ns#Friend>		
<http://vivoweb.org/ontology/core#StudentOrganization>	"A student organization is an organization, operated by students at a university, whose membership normally consists only of students."	
<http://www.w3.org/2006/vcard/ns#Crush>		
<http://www.w3.org/2006/vcard/ns#Fax>		
<http://purl.obolibrary.org/obo/BFO_0000006>		
<http://vivoweb.org/ontology/core#GovernmentAgency>	"A unit of government responsible for oversight and regulation of certain activities or the administration and provision of specific services."	
<http://www.w3.org/2006/vcard/ns#Neighbor>		
<http://vivoweb.org/ontology/core#OutreachProviderRole>	"An outreach or community service role directed outside a person's primary profession and institution"	
<http://xmlns.com/foaf/0.1/Organization>	"A generic class encompassing several types of organizations."	
<http://www.w3.org/2006/vcard/ns#Video>		
<http://purl.org/ontology/bibo/Series>	"A thematic collection of documents, usually books, issued at regular or irregular intervals"	
<http://www.w3.org/2006/vcard/ns#RelatedType>		
<http://www.w3.org/2006/vcard/ns#Security>		
<http://www.w3.org/2006/vcard/ns#Geographical>		
<http://purl.obolibrary.org/obo/BFO_0000029>		
<http://purl.obolibrary.org/obo/ERO_0000790>	"A student role inhering in a person that is realized when the bearer participates in a post-baccalaureate training program in pursuit of an additional bachelor degree or new or additional training in a particular field."	
<http://vivoweb.org/ontology/core#Center>	"A place where a particular activity or service is concentrated."	
<http://vivoweb.org/ontology/core#AwardReceipt>	"The bestowal of an award, honor, or distinction to a person or person's at a particular time.  "	
<http://vivoweb.org/ontology/core#PostdoctoralTraining>	"Postdoctoral research is academic or scholarly research conducted by a person who has completed his or her doctoral studies, normally within the following five years. It is intended to further deepen expertise in a specialist subject."	
<http://purl.org/net/OCRe/study_design.owl#Phase_2>	"A Phase ll trial assesses therapeutic benefit (usually involving a few hundred people, usually with controls, but not always) [Glossary of Terms in The Cochrane Collaboration]"	
<http://www.w3.org/2006/vcard/ns#Parent>		
<http://purl.obolibrary.org/obo/BFO_0000015>	"p is a process = Def. p is an occurrent that has temporal proper parts and for some time t, p s-depends_on some material entity at t. (axiom label in BFO2 Reference: [083-003])"@en	
<http://vivoweb.org/ontology/scientific-research#Phase2ClinicalTrial>	"In Phase 2 trials, an experimental study drug or treatment is given to a larger group of people (100-300) to see if it is effective and to further evaluate its safety."	
<http://purl.obolibrary.org/obo/BFO_0000023>	"A person's, group's or organization's role in an endeavor"	
<http://purl.org/ontology/bibo/Statute>	"A bill enacted into law"	
<http://vivoweb.org/ontology/core#WorkshopSeries>	"An organized series of workshop events, whether repetitions of the same workshop or multiple different workshops."	
<http://vivoweb.org/ontology/core#AdvisingProcess>		
<http://purl.obolibrary.org/obo/OBI_0000011>	"A processual entity that realizes a plan which is the concretization of a plan specification."@en	
<http://www.w3.org/2006/vcard/ns#Muse>		
<http://vivoweb.org/ontology/core#Division>	"A major unit or section within a larger organization."	
<http://purl.obolibrary.org/obo/BFO_0000008>		
<http://vivoweb.org/ontology/core#College>	"A primary academic unit within a University or a free-standing higher education organization without graduate degree programs"	
<http://vivoweb.org/ontology/core#DateTimeInterval>	"a specific period or duration, defined by (optional) start and end date/times."	
<http://vivoweb.org/ontology/core#Laboratory>	"An organizational unit (as opposed to the physical facility) that performs research, provides services, or processes materials"	
<http://purl.obolibrary.org/obo/BFO_0000023>	"A realizable entity  the manifestation of which brings about some result or end that is not essential to a continuant  in virtue of the kind of thing that it is but that can be served or participated in by that kind of continuant  in some kinds of natural, social or institutional contexts."@en	
<http://purl.obolibrary.org/obo/ERO_0001263>	"A material processing service offering that describes a service in which the provider makes physical modifications to a specified input material, such that at least one of the specified outputs of this process is a modified version of a specified input material."	
<http://purl.org/ontology/bibo/Image>	"A visual representation such as a photograph or graph"	
<http://aims.fao.org/aos/geopolitical.owl#special_group>		
<http://purl.org/ontology/bibo/Map>	"A graphical depiction of geographic features, scientific discipline, scientific data analytical results"	
<http://purl.obolibrary.org/obo/IAO_0000032>	"a scalar measurement datum is a measurement datum that is composed of two parts, numerals and a unit label."@en	
<http://vivoweb.org/ontology/core#PrincipalInvestigatorRole>	"Role of a person to direct a project or activity being supported by an Agreement (for example, a grant), and who is accountable to the grantee for the proper conduct of the project or activity. Also known as Program Director or Project Director."	
<http://purl.org/ontology/bibo/LegalCaseDocument>	"Official court  papers for a case"	
<http://www.w3.org/2004/02/skos/core#Concept>		
<http://purl.obolibrary.org/obo/ERO_0000004>	"Material entity that is designed to have a function and play a role in scientific investigation."	
<http://purl.obolibrary.org/obo/BFO_0000019>		
<http://www.w3.org/2006/vcard/ns#URL>		
<http://purl.org/ontology/bibo/Excerpt>	"A passage selected from a larger work"	
<http://purl.org/ontology/bibo/LegalDecision>	"The written determination of a case, motion or claim by a court or tribunal"	
<http://purl.org/spar/fabio/Comment>	"A verbal or written remark concerning some entity. In written form, a comment is often appended to that entity and termed an annotation. Within computer programs or ontologies, comments are added to enhance human understanding, and are usually prefaced by"	
<http://purl.obolibrary.org/obo/ERO_0000785>	"A student role inhering in a person that is realized when the bearer participates a course of study at a university or institution in pursuit of an graduate or professional degree."	
<http://purl.org/ontology/bibo/Patent>	"(from BIBO) A document describing the exclusive right granted by a government to an inventor to manufacture, use, or sell an invention for a certain number of years"	
<http://vivoweb.org/ontology/core#Room>	"Room that provides a particular service or is used for a particular activity."	
<http://purl.obolibrary.org/obo/BFO_0000017>	"A specifically dependent continuant  that inheres in continuant  entities and are not exhibited in full at every time in which it inheres in an entity or group of entities. The exhibition or actualization of a realizable entity is a particular manifestation, functioning or process that occurs under certain circumstances."@en	
<http://www.w3.org/2006/vcard/ns#Title>		
<http://purl.obolibrary.org/obo/IAO_0000013>	"a report that is published in a journal"@en	
<http://www.w3.org/2006/vcard/ns#Role>		
<http://xmlns.com/foaf/0.1/Group>	" A collection of individual agents (and may itself play the role of a Agent, ie. something that can perform actions). "	
<http://vivoweb.org/ontology/core#AcademicDepartment>	"A distinct, usually specialized educational unit within an educational organization."	
<http://purl.obolibrary.org/obo/ERO_0000006>	"Processed material that is used in a chemical reaction or other experimental process to detect, measure, examine, or produce other  substances."	
<http://vivoweb.org/ontology/core#GraduateAdvisingRelationship>	"An advisory relationship in which a professor advises a graduate student."	
<http://purl.org/ontology/bibo/Hearing>	"An instance or a session in which testimony and arguments are presented, esp. before an official, as a judge in a lawsuit."	
<http://vivoweb.org/ontology/core#Company>	"A legally-recognized business organization."	
<http://purl.org/ontology/bibo/Chapter>	"A main division of a book"	
<http://purl.obolibrary.org/obo/ERO_0000784>	"A student role inhering in a person that is realized when the bearer participates in a course of study at a college, university, etc. in pursuit of an associate or bachelor degree."	
<http://purl.org/ontology/bibo/Legislation>	"Enactments of legislative bodies, published in either statute or code form"	
<http://purl.org/ontology/bibo/BookSection>	"A section of a book"	
<http://www.w3.org/2006/vcard/ns#Calendar>		
<http://purl.obolibrary.org/obo/OBI_0000571>		
<http://purl.org/ontology/bibo/EditedBook>	"An edited collection of stand-alone articles published as a book"	
<http://vivoweb.org/ontology/core#Postdoc>	"A Person holding an academic employment appointment focused on research rather than teaching; temporary (or for some defined term)"	
<http://www.w3.org/2006/vcard/ns#Individual>		
<http://www.w3.org/2006/vcard/ns#Note>		
<http://xmlns.com/foaf/0.1/Group>	"A collection of individual agents."	
<http://purl.org/ontology/bibo/Collection>	"Collection of information resources that have a unified identity"	
<http://vivoweb.org/ontology/core#Institute>	"An organization founded to pursue or promote certain research, educational or public policy interests or activities."	
<http://vivoweb.org/ontology/core#ResearcherRole>	"A role of conducting funded or unfunded research,  sometimes linked to an Agreement."	
<http://aims.fao.org/aos/geopolitical.owl#group>		
<http://vivoweb.org/ontology/core#FundingOrganization>	"An organization that provides financial support to individuals or organizations to carry out specified activities."	
<http://purl.obolibrary.org/obo/ERO_0000012>	"A role inhering in a person or organization that is realized when the bearer participates in providing a service to meet the need of another person or thing."	
<http://purl.org/ontology/bibo/Slide>	"A slide in a slideshow"	
<http://vivoweb.org/ontology/core#Project>	"An endeavor, frequently collaborative, that occurs over a finite period of time and is intended to achieve a particular aim."	
<http://purl.obolibrary.org/obo/ERO_0001255>	"A service offering that describes a service in which the provider assists the consumer in activities directly or indirectly associated with the production and analysis or experimental research data."	
<http://purl.obolibrary.org/obo/ERO_0000020>	"Material entity that is a portion or quantity of a biological material for use in testing, examination, or study. A biological specimen can be an individual animal, a population of organisms, or is a part of or derived from an animal, plant, part of a plant, or microorganism. When a taxon is described, it is typically based on a single specimen and is referred to as the holotype."	
<http://purl.obolibrary.org/obo/ERO_0001254>	"A service offering that describes a service in which the provider facilitates the transport of some material entity to a specified destination for the service consumer."	
<http://purl.org/ontology/bibo/Book>	"A written or printed work of fiction or nonfiction, usually on sheets of paper fastened or bound together within covers"	
<http://www.w3.org/2006/vcard/ns#Unknown>		
<http://vivoweb.org/ontology/core#Blog>	"Regularly updated online journal or newsletter by one or more writers, called bloggers, containing articles and commentary of interest to the blogger"	
<http://vivoweb.org/ontology/core#Department>	"A unit within a larger organization that addresses a specific subject or area of activity."	
<http://purl.obolibrary.org/obo/ERO_0000394>	"A service offering that describes a service in which the provider makes physical changes to a specified input material entity with the objective of producing a new material entity form input materials, or modifying the input material entity, and returning this as output to the service consumer"	
<http://vivoweb.org/ontology/core#OrganizingProcess>		
<http://vivoweb.org/ontology/core#PrivateCompany>	"A private company is one that is privately-owned, and thus, is not publicly-traded in the stock market. Members of the general public cannot purchase stock in a private company unless that company chooses to go public and become a public company."	
<http://vivoweb.org/ontology/core#ConferencePaper>	"A paper presented at a conference; optionally collected into a Proceedings or a special Journal issue"	
<http://www.w3.org/2006/vcard/ns#OrganizationName>		
<http://vivoweb.org/ontology/core#MemberRole>	"A role of being a member in a Process or an Organization"	
<http://www.w3.org/2006/vcard/ns#Location>		
<http://purl.obolibrary.org/obo/ERO_0000777>	"A US resident role that inheres in an individual that is a legally recognized as a member of a state, with associated rights and obligations."	
<http://purl.org/ontology/bibo/Thesis>	"Works created to satisfy the requirements for an academic certification or degree; also called dissertation"	
<http://vivoweb.org/ontology/core#County>	"The largest administrative division of most states or provinces."	
<http://aims.fao.org/aos/geopolitical.owl#economic_region>		
<http://vivoweb.org/ontology/core#Grant>	"Financial assistance mechanism providing money, property, or both to an eligible entity to carry out an approved project or activity"	
<http://vivoweb.org/ontology/core#Catalog>	"A list of items in a collection; an ordered compilation of item descriptions and sufficient information to afford access to them"	
<http://vivoweb.org/ontology/core#PresentingProcess>		
<http://purl.obolibrary.org/obo/OBI_0500000>	"A study design is a plan specification comprised of protocols (which may specify how and what kinds of data will be gathered) that are executed as part of an investigation and is realized during a study design execution."	
<http://www.w3.org/2006/vcard/ns#Address>		
<http://vivoweb.org/ontology/core#AttendingProcess>		
<http://www.w3.org/2006/vcard/ns#Coworker>		
<http://purl.obolibrary.org/obo/OBI_0000017>	"a role which inheres in material entities and is realized in the processes of making, enforcing or being defined by legislation or orders issued by a governmental body."@en	
<http://xmlns.com/foaf/0.1/Agent>	"Agents are things that do stuff"	
<http://purl.org/ontology/bibo/Document>	"A bounded physical representation of a body of information designed with the capacity (and usually intent) to communicate"	
<http://purl.obolibrary.org/obo/ERO_0000392>	"A service offering that describes a service in which the consumer provides some material or data as input which a service provider stores and returns as output."	
<http://purl.org/ontology/bibo/Newspaper>	"Contains news articles, opinions, features, advertising, and is usually issued daily or weekly"	
<http://www.w3.org/2006/vcard/ns#Communication>		
<http://www.w3.org/2006/vcard/ns#Photo>		
<http://vivoweb.org/ontology/core#Campus>	"The grounds of a school, college, university, or hospital. Or, a large, usually suburban, landscaped business or industrial site."	
<http://vivoweb.org/ontology/core#ConferencePoster>	"The digital file (or physical equivalent), if available after the conference, vs. the act of attending/presenting: use ConferencePresentation for information about date/time/location/name of the event where the poster was presented"	
<http://vivoweb.org/ontology/core#EmeritusFaculty>	"A retired faculty member who has retained their rank, title and privileges."	
<http://www.w3.org/2006/vcard/ns#FormattedName>		
<http://vivoweb.org/ontology/core#Continent>	"A large contiguous landmass  that is at least partially surrounded by water, together with any islands on its continental shelf."	
<http://vivoweb.org/ontology/core#Library>	"An organization maintaining one or more collections of physical and/or electronic information resources for access or lending."	
<http://purl.org/ontology/bibo/Brief>	"A document stating the facts and points of law of a client's case"	
<http://purl.obolibrary.org/obo/ERO_0000788>	"An employee role inhering in a person that is realized when the bearer participates in the teaching and/or administrative force of a university, college, or school."	
<http://www.w3.org/2006/vcard/ns#Agent>		
<http://purl.obolibrary.org/obo/OBI_0000086>		
<http://purl.org/ontology/bibo/AudioDocument>	"Recorded audio in any format"	
<http://vivoweb.org/ontology/core#Center>	"An organization where a specified activity is concentrated."	
<http://purl.org/ontology/bibo/Journal>	"Contains original scholarly research or review articles by experts in the field"	
<http://www.w3.org/2006/vcard/ns#Met>		
<http://www.w3.org/2006/vcard/ns#Sweetheart>		
<http://vivoweb.org/ontology/core#University>	"An institution of higher education and research, which grants academic degrees in a variety of subjects, and provides both undergraduate education and postgraduate education."	
<http://purl.obolibrary.org/obo/IAO_0000078>	"The curation status of the term. The allowed values come from an enumerated list of predefined terms. See the specification of these instances for more detailed definitions of each enumerated value."@en	
<http://vivoweb.org/ontology/core#CurationProcess>	"A process which has as its input, a collection of material entities and/or information content entities"@en	
<http://www.w3.org/2006/vcard/ns#None>		
<http://vivoweb.org/ontology/core#Position>	"Particular position in an organization, commonly identified by job title, and normally associated with a job description that details the tasks and responsibilities that go with the position."	
<http://purl.obolibrary.org/obo/ERO_0000787>	"A role inhering in a person that is realized when the bearer participates in an occupation by which a person earns a living or spends their time."	
<http://purl.obolibrary.org/obo/ARG_2000376>	"The purpose of contact information."@en	
<http://vivoweb.org/ontology/core#Company>	"A legally-recognized business organization"	
<http://vivoweb.org/ontology/core#Equipment>	"A physical object provided for specific purpose, task or occupation. "	
<http://purl.org/net/OCRe/study_design.owl#Phase_4>	"A Phase IV study monitors a new treatment in the community, often to evaluate longterm safety and effectiveness. [Glossary of Terms in The Cochrane Collaboration]"	
<http://purl.obolibrary.org/obo/ERO_0000014>	"A funded collection of investigations as described in a research proposal."	
<http://purl.obolibrary.org/obo/ERO_0001262>	"An analysis service offering that describes a service in which the consumer provides some input data and a service provider transforms, models, or interprets the input data and returns this generated data as output"	
<http://vivoweb.org/ontology/core#SubnationalRegion>	"Smaller administrative division into which a country may be divided."	
<http://vivoweb.org/ontology/core#FundingOrganization>	"A defined class of organizations that fund Grants"	
<http://vivoweb.org/ontology/core#AdvisorRole>		
<http://vivoweb.org/ontology/core#ReviewerRole>	"A role that encompasses both ongoing reviewer responsibility for a bibo:Collection, such as a Journal or Series, and also a review performed for a bibo:Document, such as a book, academic article or conference paper."	
<http://vivoweb.org/ontology/core#Program>	"An ongoing academic initiative not formalized with department or division status."	
<http://purl.obolibrary.org/obo/ARG_2000009>		
<http://purl.org/spar/fabio/Erratum>	"A formal correction to an error introduced by the publisher into a previously published document."	
<http://web.resource.org/cc/License>		
<http://www.w3.org/2006/vcard/ns#Acquaintance>		
<http://purl.org/ontology/bibo/Slideshow>	"A presentation of a series of slides, usually presented in front of an audience with written text and images"	
<http://vivoweb.org/ontology/core#Abstract>	"An abstract that is published as a standalone document or in a journal of abstracts"	
<http://purl.obolibrary.org/obo/PATO_0000001>		
<http://vivoweb.org/ontology/core#NewsRelease>	"A short written piece focused on an event or announcement of note, having a defined publication time and of less enduring interest than a news feature."	
<http://www.w3.org/2006/vcard/ns#Work>		
<http://www.w3.org/2006/vcard/ns#Pager>		
<http://purl.org/net/OCRe/study_design.owl#Single_group_study>	"A single group study is an interventional study that has only a single allocation group and no contemporaneuos comparison group.\nA study in which an individual acts has his/her own comparison does not fall into this category, since an individual is not a group."	
<http://vivoweb.org/ontology/core#AdministratorRole>		
<http://www.w3.org/2006/vcard/ns#Key>		
<http://xmlns.com/foaf/0.1/Person>	"An instance of a human being (Homo sapiens)"	
<http://purl.obolibrary.org/obo/OBI_0100026>	"A material entity that is an individual living system, such as animal, plant, bacteria or virus, that is capable of replicating or reproducing, growth and maintenance in the right environment. An organism may be unicellular or made up, like humans, of many billions of cells divided into specialized tissues and organs."@en	
<http://vivoweb.org/ontology/core#PostdocPosition>	"A postdoctoral training appointment (job)"	
<http://purl.obolibrary.org/obo/ARG_2000008>		
<http://purl.obolibrary.org/obo/IAO_0000005>	"a directive information entity that describes an intended process endpoint. When part of a plan specification the concretization is realized in a planned process in which the bearer tries to effect the world so that the process endpoint is achieved."@en	
<http://vivoweb.org/ontology/core#AdviseeRole>		
<http://purl.obolibrary.org/obo/ARG_2000377>		
<http://vivoweb.org/ontology/core#Award>	"A recognition of outstanding work or action."@en	
<http://www.w3.org/2006/vcard/ns#Language>		
<http://purl.obolibrary.org/obo/ERO_0000779>	"An role that inheres in an individual who is not a citizen but who legally resides in another nation on a permanent or extended basis."	
<http://vivoweb.org/ontology/core#StateOrProvince>	"One of a number of areas or communities having their own governments and forming a federation under a sovereign government, as in the US."	
<http://vivoweb.org/ontology/core#Institute>	"An Institute normally has a research focus but may also fulfill instructional or outreach roles"	
<http://vivoweb.org/ontology/scientific-research#Phase4ClinicalTrial>	"Phase 4 Clinical Trial"	
<http://vivoweb.org/ontology/core#NonFacultyAcademic>	"A person not considered a faculty member but holding an academic appointment."	
<http://purl.obolibrary.org/obo/ERO_0000789>	"An employee role inhering in a person that is realized when the bearer is employed by an employer."	
<http://purl.obolibrary.org/obo/ERO_0000007>	"A technique is a planned process used to accomplish a specific activity or task."	
<http://www.w3.org/2006/vcard/ns#CalendarRequest>		
<http://vivoweb.org/ontology/core#UndergraduateAdvisingRelationship>	"An advisory relationship in which a professor advises an undergraduate student."	
<http://purl.org/ontology/bibo/DocumentPart>	"A distinct part of a larger document or collected document"	
<http://vivoweb.org/ontology/core#Relationship>	"a reified relationship"	
<http://vivoweb.org/ontology/core#FacultyMentoringRelationship>	"An advisory relationship in which one faculty member mentors another faculty member."	
<http://vivoweb.org/ontology/core#PresenterRole>	"A role of presenting information"	
<http://vivoweb.org/ontology/core#ExtensionUnit>	"A unit devoted primarily to extension activities, whether for outreach or research"	
<http://purl.obolibrary.org/obo/OBI_0000066>		
<http://vivoweb.org/ontology/core#ClinicalOrganization>	"Any organization with a significant clinical function as a matter of course and not just through occasional clinical roles"	
<http://vivoweb.org/ontology/core#Speech>	"Text of a speech written in preparation for delivery of the speech."	
<http://purl.org/ontology/bibo/ThesisDegree>	"The academic degree of a Thesis."	
<http://vivoweb.org/ontology/core#Hospital>	"An institution that provides medical, surgical, psychiatric or nursing care."	
<http://www.w3.org/2006/vcard/ns#InstantMessage>		
<http://www.w3.org/2006/vcard/ns#TimeZone>		
<http://www.w3.org/2006/vcard/ns#Organizational>		
<http://purl.obolibrary.org/obo/ERO_0000071>	"A general term primarily used for digitally stored data such as computer programs and other kinds of information read and written by computers."	
<http://vivoweb.org/ontology/core#EditorRole>	"An ongoing editorial responsibility for a bibo:Collection, such as a Journal or Series"	
<http://vivoweb.org/ontology/core#Committee>	"A group of people organized for a specific purpose, whose members are often selected from a larger group to serve for designated periods of time."	
<http://purl.org/ontology/bibo/Manual>	"A book of instructions or guide to a specific topic"	
<http://vivoweb.org/ontology/core#GeographicLocation>	"A location having coordinates in geographic space."	
<http://purl.obolibrary.org/obo/ERO_0000396>	"A material processing service offering that describes a service in which the provider makes physical changes to a specified input material that produce a new entity as specified output that is returned the service consumer.  The specified output of a material production service can be contained within, derived from, or synthesized from specified input materials, but it represents a material entity that is of a distinct type from any of the specified input materials."	
<http://www.w3.org/2006/vcard/ns#Telephone>		
<http://aims.fao.org/aos/geopolitical.owl#self_governing>		
<http://purl.obolibrary.org/obo/ERO_0001257>	"A storage service offering that describes a service in which the consumer provides data as input, which a service provider stores and returns as output in its original form."	
<http://vivoweb.org/ontology/core#DateTimeValuePrecision>	"The precision of a DateTimeValue"@en	
<http://purl.obolibrary.org/obo/ARG_2000379>		
<http://vivoweb.org/ontology/core#WorkingPaper>	"A document created as a basis for discussion or a very early draft of a formal paper"	
<http://purl.org/spar/c4o/BibliographicInformationSource>	"A source of information about bibliographic citations, such as Google Scholar, Web of Science or Scopus."	
<http://purl.obolibrary.org/obo/ERO_0000595>	"A planned process carried out by a person or organization with the objective of performing research."	
<http://purl.obolibrary.org/obo/ERO_0001261>	"A service offering that describes a service in which the consumer provides some input material or data and a service provider returns data about the input material or data."	
<http://purl.obolibrary.org/obo/ERO_0000395>	"An analysis service offering that describes a service in which the consumer provides some input material and a service provider performs some analysis of this material to generate data that is returned to the service consumer."	
<http://vivoweb.org/ontology/core#Foundation>	"An institution founded with an endowment to support educational, research, artistic or other charitable activities."	
<http://vivoweb.org/ontology/core#MedicalResidency>	"Residency is a stage of graduate medical training. "	
<http://www.w3.org/2006/vcard/ns#Child>		
<http://vivoweb.org/ontology/core#Licensure>	"A granted license, which gives a 'permission to practice.'"	
<http://www.w3.org/2006/vcard/ns#Me>		
<http://purl.obolibrary.org/obo/UO_0000280>		
<http://purl.obolibrary.org/obo/IAO_0000009>	"A label is a symbol that is part of some other datum and is used to either partially define  the denotation of that datum or to provide a means for identifying the datum as a member of the set of data with the same label"@en	
<http://purl.obolibrary.org/obo/BFO_0000020>	"b is a specifically dependent continuant = Def. b is a continuant & there is some independent continuant c which is not a spatial region and which is such that b s-depends_on c at every time t during the course of b’s existence. (axiom label in BFO2 Reference: [050-003])"@en	
<http://vivoweb.org/ontology/core#EmeritusLibrarian>	"A retired librarian who has retained their rank, title and privileges."	
<http://vivoweb.org/ontology/core#LeaderRole>	"A leadership role"	
<http://vivoweb.org/ontology/core#CaseStudy>	"A qualitative descriptive research study of individuals or a group"	
<http://purl.obolibrary.org/obo/IAO_0000102>	"data about an ontology part is a data item about a part of an ontology, for example a term"@en	
<http://purl.obolibrary.org/obo/ERO_0000224>	"A role inhering in a person or organization that is realized when the bearer participates in providing funding to a person or an organization for academic or business purposes."	
<http://purl.org/ontology/bibo/Manuscript>	"Works prepared by hand including handwritten or typescript drafts of pre-publication papers or works not otherwise reproduced in multiple copies"	
<http://purl.org/ontology/bibo/Magazine>	"Contains articles of current events or general interest, geared to the reading public as being informative or recreational"	
<http://www.w3.org/2006/vcard/ns#Explanatory>		
<http://www.w3.org/2006/vcard/ns#Voice>		
<http://vivoweb.org/ontology/scientific-research#Phase2ClinicalTrial>	"Phase 2 Clinical Trial"	
<http://www.w3.org/2000/10/swap/pim/contact#Person>		
<http://purl.org/ontology/bibo/ReferenceSource>	"A document that presents authoritative reference information, such as a dictionary or encylopedia"	
<http://purl.obolibrary.org/obo/ERO_0000780>	"A non-US citizen role that inheres in an individual who is residing in a country, but is neither a citizen nor a permanent resident. "	
<http://vivoweb.org/ontology/core#FacultyAdministrativePosition>	"An academic administrative position (associate dean, etc.) as distinct from a professional administrative position (non-academic)"	
<http://purl.obolibrary.org/obo/ARG_2000022>		
<http://purl.obolibrary.org/obo/ARG_2000010>		
<http://vivoweb.org/ontology/core#Authorship>	"Contains the authors name, their rank in the publication, and whether or not they are a corresponding author on the publication."	
<http://purl.org/spar/fabio/Comment>	"A verbal or written remark concerning some entity. In written form, a comment is often appended to that entity and termed an annotation. Within computer programs or ontologies, comments are added to enhance human understanding, and are usually prefaced by a special syntactic symbol that ensures they are ignored during execution of the program.\n\nhas super-classes"	
<http://purl.obolibrary.org/obo/VIVOTEST_0000000>		
<http://purl.org/ontology/bibo/DocumentStatus>	"The status of a document with respect to its publication."	
<http://vivoweb.org/ontology/core#Consortium>	"A group  of independent organizations working together toward a common goal, under an expressed agreement."	
<http://vivoweb.org/ontology/core#Exhibit>	"The showing of an object or a collection of objects, in an organized manner."	
<http://www.w3.org/2006/vcard/ns#Identification>		
<http://vivoweb.org/ontology/core#Score>	"Written musical composition for voice or instruments or both"	
<http://www.w3.org/2006/vcard/ns#Code>		
<http://purl.obolibrary.org/obo/ARG_2000021>		
<http://purl.obolibrary.org/obo/BFO_0000003>	"An entity that has temporal parts and that happens, unfolds or develops through time."@en	
<http://vivoweb.org/ontology/core#Librarian>	"A person working in a position of librarian or information professional, or academic or technical expert in support of providing information services or materials."	
<http://purl.org/ontology/bibo/Standard>	"A specification giving a precise statement of a process or a service requirement, often sanctioned by a nation or industry"	
<http://vivoweb.org/ontology/core#AwardedDegree>	"The awarding of a degree by an agent to another agent. It is mostly for academic degrees."	
<http://purl.obolibrary.org/obo/ERO_0001258>	"A service offering that describes a service in which the provider actively maintains a material or data resource (e.g. a model organism colony or database) for the service consumer.  This may involved making physical alterations to the material or data with the goal of maintaining its integrity or features."	
<http://vivoweb.org/ontology/core#DateTimeValue>	"A date and/or time"	
<http://vivoweb.org/ontology/core#CoPrincipalInvestigatorRole>	"Role of co-principal investigator of an Agreement (for example, a grant), who devotes a specified percentage of time and is considered key personnel."	
<http://vivoweb.org/ontology/core#AcademicTerm>	"An explicit individual academic term, quarter, or semester rather than the generic fall, spring or summer semester."	
<http://vivoweb.org/ontology/scientific-research#Phase0ClinicalTrial>	"Phase 0 Clinical Trial"	
<http://purl.obolibrary.org/obo/IAO_0000109>	"A measurement datum is an information content entity that is a recording of the output of a measurement such as produced by a device."@en	
<http://www.w3.org/2006/vcard/ns#Home>		
<http://purl.obolibrary.org/obo/ARG_0000008>		
<http://purl.obolibrary.org/obo/ERO_0000391>	"A service offering that describes a service in which the consumer receives the right to use a resource (instrument, database, software, etc) that is owned or managed by a service provider.  Ownership of the accessed resource remains with the service provider during and after provision of service."	
<http://vivoweb.org/ontology/core#NonFacultyAcademicPosition>	"A position involving academic work but without faculty status"	
<http://purl.obolibrary.org/obo/ERO_0000776>	"A role that inheres in a person who maintains residency in the United states. "	
<http://vivoweb.org/ontology/core#AttendeeRole>	"A role of attending an Event or EventSeries"	
<http://vivoweb.org/ontology/core#CoreLaboratory>	"A lab providing services such as training, protocols, or access to instruments or software"	
<http://vivoweb.org/ontology/core#Publisher>	"A person or company whose business is the publishing of books, periodicals, engravings, computer software, etc."	
<http://www.w3.org/2006/vcard/ns#CalendarLink>		
<http://vivoweb.org/ontology/core#GraduateStudent>	"A person who has already received a bachelor's degree and is working toward a Master's or Doctoral degree."	
<http://purl.org/ontology/bibo/AudioVisualDocument>	"Audiovisual recording in any format"	
<http://vivoweb.org/ontology/core#SeminarSeries>	"An organized series of a meeting for an exchange of ideas, typically put on by a department or center."	
<http://vivoweb.org/ontology/core#Video>	"Audiovisual recording in video format"	
<http://vivoweb.org/ontology/core#Presentation>	"Encompasses talk, speech, lecture, slide lecture, conference presentation"	
<http://purl.obolibrary.org/obo/ARG_2000011>		
<http://vivoweb.org/ontology/core#Meeting>	"A gathering of people for a defined purpose, not necessarily public or announced"	
<http://purl.obolibrary.org/obo/ERO_0000786>	"A student role inhering in a person that is realized when the bearer participates in a course of study at a secondary learning institution."	
<http://www.w3.org/2006/vcard/ns#Contact>		
<http://vivoweb.org/ontology/core#School>	"An institution for instruction in a particular skill or field."	
<http://purl.obolibrary.org/obo/GO_0003674>		
<http://vivoweb.org/ontology/core#InvitedTalk>		
<http://vivoweb.org/ontology/core#Screenplay>	"Written script for a film production, including dialogue and descriptions of gestures, actions, shooting directions"	
<http://vivoweb.org/ontology/core#Country>	"An area of land distinguished by its political autonomy. Politically independent territories."	
<http://www.w3.org/2006/vcard/ns#Colleague>		
<http://purl.org/ontology/bibo/Periodical>		
<http://vivoweb.org/ontology/core#Course>	"A course as taught in one time period by one or more instructors, normally but not always for credit. Does not represent either each meeting of the course or the course offering such as Biology 101 taught every semester from 1980 to 2010"	
<http://purl.org/ontology/bibo/CollectedDocument>	"Work consisting of collections of previously published works"	
<http://xmlns.com/foaf/0.1/Person>	"The most general classification of a person"	
<http://purl.org/ontology/bibo/Bill>	"Draft legislation presented for discussion to a legal body"	
<http://purl.org/net/OCRe/study_design.owl#Phase_0>	"A Phase 0 trial is an exploratory trial involving very limited human exposure, with no therapeutic or diagnostic intent (e.g., screening study, microdose study). [http://prsinfo.clinicaltrials.gov/definitions.html]"	
<http://purl.org/ontology/bibo/Workshop>	"Bibo Definition: A seminar, discussion group, or the like, that emphasizes exchange of ideas and the demonstration and application of techniques, skills, etc."	
<http://www.w3.org/2003/01/geo/wgs84_pos#SpatialThing>		
<http://purl.org/net/OCRe/study_design.owl#Phase_1>	"A Phase I trial assesses toxic effects on humans (not many people participate, and usually without controls) [Glossary of Terms in The Cochrane Collaboration]"	
<http://purl.obolibrary.org/obo/VIVOTEST_0000001>	"A testing person used for testing."@en	
<http://www.w3.org/2006/vcard/ns#Male>		
<http://purl.obolibrary.org/obo/ERO_0000015>	"Research project that uses or collects measurements or assessments about humans."	
<http://purl.org/ontology/bibo/Report>	"A document describing an account or statement describing in detail an event, situation, or the like, usually as the result of observation, inquiry, etc."	
<http://purl.org/ontology/bibo/PersonalCommunicationDocument>	"A personal communication manifested in some document."	
<http://purl.obolibrary.org/obo/OBI_0000094>		
<http://www.w3.org/2006/vcard/ns#Kin>		
<http://purl.org/ontology/bibo/Quote>	"An excerpted collection of words"	
<http://vivoweb.org/ontology/core#EventSeries>	"Two or more events that occur at different times and are connected to each other."	
<http://www.w3.org/2006/vcard/ns#Logo>		
<http://vivoweb.org/ontology/core#ResearchProposal>	"A proposal for a research grant that has been submitted but not approved; does not represent an existing activity"	
<http://vivoweb.org/ontology/core#Internship>	"Typically a student or a recent graduate undergoing supervised practical training."	
<http://purl.org/net/OCRe/study_design.owl#OCRE100038>	"Phase describes the level of a trial required of drugs before (and after) they are routinely used in clinical practice:\n- Phase I trials assess toxic effects on humans (not many people participate in them, and usually without controls);\n- Phase ll trials assess therapeutic benefit (usually involving a few hundred people, usually with controls, but not always);\n- Phase III trials compare the new treatment against standard (or placebo) treatment (usually a full randomised controlled trial). At this point, a drug can be approved for community use.\n- Phase IV monitors a new treatment in the community, often to evaluate longterm safety and effectiveness. [Glossary of Terms in The Cochrane Collaboration]\n\nA trial can be of a combination phase (e.g., I/II).\nThe concept of phase is not applicable to trials studying certain interventions (e.g., device, procedure, behavioral)"	
<http://www.w3.org/2006/vcard/ns#Type>		
<http://vivoweb.org/ontology/core#PostdocOrFellowAdvisingRelationship>	"An advisory relationship in which the advisee is a Postdoc or Fellow."	
<http://vivoweb.org/ontology/core#Contract>	"An agreement involving specific deliverables and payment"	
<http://purl.org/ontology/bibo/Document>	"A collection of information content entities intended to be understood together as a whole"@en	
<http://vivoweb.org/ontology/core#ClinicalRole>	"A role of observing or treating patients"	
<http://www.w3.org/2006/vcard/ns#Sound>		
<http://vivoweb.org/ontology/core#Building>	"Building that provides a particular service or is used for a particular activity."	
<http://www.w3.org/2006/vcard/ns#Geo>		
<http://purl.org/ontology/bibo/Webpage>	"One section of a website that appears at a unique address within the parent site's address or URL on the World Wide Web "	
<http://vivoweb.org/ontology/core#NonAcademicPosition>	"A position classified as professional, staff, support, or any other non-academic role"	
<http://www.w3.org/2006/vcard/ns#OrganizationUnitName>		
<http://purl.org/net/OCRe/study_design.owl#Phase_3>	"A Phase III trial compares the new treatment against standard (or placebo) treatment (usually a full\nrandomised controlled trial). At this point, a drug can be approved for community use. [Glossary of Terms in The Cochrane Collaboration]"	
<http://purl.obolibrary.org/obo/IAO_0000030>	"an information content entity is an entity that is generically dependent on some artifact and stands in relation of aboutness to some entity"@en	
<http://purl.org/ontology/bibo/Interview>	"A conversation between two or more people where questions are asked by the interviewer to obtain information from the interviewee."	
<http://purl.obolibrary.org/obo/BFO_0000141>		
<http://www.w3.org/2006/vcard/ns#Text>		
<http://vivoweb.org/ontology/core#LibrarianPosition>	"A position held  by library and information science professionals, or academic or technical experts, in support of providing information services or materials"	
<http://vivoweb.org/ontology/core#FacultyPosition>	"Academic position in a university or institution"	
<http://purl.org/ontology/bibo/CourtReporter>	"Collection of legal cases"	
<http://www.w3.org/2006/vcard/ns#Emergency>		
<http://purl.org/spar/c4o/GlobalCitationCount>	"The number of times a work has been cited globally, as determined from a particular bibliographic information source on a particular date."	
<http://purl.obolibrary.org/obo/ERO_0001256>	"A storage service offering that describes a service in which the consumer provides some material as input which a service provider stores and returns as output"	
<http://purl.obolibrary.org/obo/ERO_0001245>	"A technique that authorizes a use (such as copying software or using a (patented) invention) to a licensee, sparing the licensee from a claim of infringement brought by the licensor."	
<http://purl.obolibrary.org/obo/BFO_0000004>	"b is an independent continuant = Def. b is a continuant which is such that there is no c and no t such that b s-depends_on c at t. (axiom label in BFO2 Reference: [017-002])"@en	
<http://aims.fao.org/aos/geopolitical.owl#geographical_region>		
<http://purl.obolibrary.org/obo/OBI_0000272>	"a protocol is a plan specification which has sufficient level of detail and quantitative information to communicate it between domain experts, so that different domain experts will reliably be able to independently reproduce the process."@en	
<http://vivoweb.org/ontology/core#UndergraduateStudent>	"A person registered in an undergraduate program leading to a bachelor's degree or an undergraduate diploma or certificate."	
<http://vivoweb.org/ontology/core#Facility>	"Something designed, built, installed, etc., to serve a specific function or activity affording a convenience or service."	
<http://purl.obolibrary.org/obo/IAO_0000030>	"The most general classification of an information resource"	
<http://purl.obolibrary.org/obo/ERO_0000565>	"An organization that provides services for commercialization and licensing of technologies at an institution."	
<http://vivoweb.org/ontology/core#Newsletter>	"Usually issued periodically, prepared by or for a group or institution to present information to a specific audience, often also made available to the press and public"	
<http://www.w3.org/2006/vcard/ns#Addressing>		
<http://purl.obolibrary.org/obo/BFO_0000031>		
<http://vivoweb.org/ontology/core#College>	"A primary academic unit within a University or a free-standing higher education organization without graduate degree programs."	
<http://vivoweb.org/ontology/core#EditorialArticle>	"An article of opinion, typically published in a newspaper. For academics, most commonly Op Ed pieces"	
<http://purl.obolibrary.org/obo/ERO_0000012>	"An role of an individual within his or her profession or institution; use outreach provider role for community service or other activities outside the profession."	
<http://vivoweb.org/ontology/core#FacultyMember>	"A person with at least one academic appointment to a specific faculty of a university or institution of higher learning."	
<http://aims.fao.org/aos/geopolitical.owl#disputed>		
<http://vivoweb.org/ontology/core#Database>	"A structured file of information or a set of logically related data stored and retrieved using computer-based means"	
<http://www.geneontology.org/formats/oboInOwl#SynonymType>		
<http://vivoweb.org/ontology/core#Student>	"A person who is enrolled in an educational institution."	
<http://vivoweb.org/ontology/core#Editorship>	"A relationship that represents the recognition of an agent as an editor."	
<http://vivoweb.org/ontology/core#Review>	"An article reviewing one or more other information resources (a book, one or more other articles, movies, etc)"	
<http://purl.org/ontology/bibo/LegalDocument>	"a document that states some contractual relationship or grants some right"	
<http://vivoweb.org/ontology/core#Museum>	"An organization devoted to the acquisition, conservation, study, exhibition, and educational interpretation of objects having scientific, historical, cultural or artistic value."	
<http://purl.org/net/OCRe/research.owl#Interventional_study>		
<http://vivoweb.org/ontology/core#ConferenceSeries>	"An organized series of a meeting for consultation or discussion."	
<http://vivoweb.org/ontology/core#Association>	"A formal organization of people or groups of people around a subject or practice."	
<http://purl.obolibrary.org/obo/BFO_0000034>		
<http://purl.org/ontology/bibo/Film>	"Audiovisual recording in film format"	
<http://vivoweb.org/ontology/core#AcademicDegree>	"An academic degree at any level, both as \n        reported by individuals for employment and as offered by academic degree programs."@en	
<http://purl.org/ontology/bibo/Article>	"A written composition in prose, usually nonfiction, on a specific topic, forming an independent part of a periodical or book"	
<http://www.w3.org/2006/vcard/ns#Sibling>		
<http://purl.org/ontology/bibo/Note>	"Notes or annotations about a resource"	
<http://purl.org/ontology/bibo/Performance>	"Something carried out, acted or rendered."	
<http://vivoweb.org/ontology/scientific-research#Phase3ClinicalTrial>	"In Phase 3 trials, an experimental study drug or treatment is given to large groups of people (1,000-3,000) to confirm its effectiveness, monitor side effects, compare it to commonly used treatments, and collect information that will allow the experimental drug or treatment to be used safely.\n"	
<http://purl.org/ontology/bibo/Issue>	"something that is printed or published and distributed, esp. a given number of a periodical"	
<http://purl.obolibrary.org/obo/OBI_0000835>	"A person or organization that has a manufacturer role"	
<http://purl.obolibrary.org/obo/ERO_0000225>	"A role inhering in a person or organization that is realized when the bearer participates in providing education to a student or group of students."	
<http://vivoweb.org/ontology/core#Translation>	"The result of rendering a work from one language to another"	
<http://vivoweb.org/ontology/scientific-research#Phase0ClinicalTrial>	"Phase 0 is a recent designation for exploratory, first-in-human trials  conducted in accordance with the United States Food and Drug Administration's (FDA) 2006 Guidance on Exploratory Investigational New Drug (IND) Studies.  Phase 0 trials are also known as human microdosing  studies and are designed to speed up the development of promising drugs or imaging agents by establishing very early on whether the drug or agent behaves in human subjects as was expected from preclinical studies."	
<http://www.w3.org/2006/vcard/ns#Female>		
<http://vivoweb.org/ontology/core#BlogPosting>	"An online article or commentary appearing on a blog"	
<http://vivoweb.org/ontology/core#PeerReviewerRole>	"A role of peer reviewing"	
<http://purl.obolibrary.org/obo/IAO_0000007>	"a directive information entity that describes an action the bearer will take"@en	
<http://aims.fao.org/aos/geopolitical.owl#territory>		
<http://aims.fao.org/aos/geopolitical.owl#area>		
<http://vivoweb.org/ontology/scientific-research#Phase3ClinicalTrial>	"Phase 3 Clinical Trial"	
<http://www.w3.org/2006/vcard/ns#Gender>		
<http://purl.org/spar/fabio/ClinicalGuideline>	"A recommendation on the appropriate treatment and care of people with a specific disease or condition, based on the best available evidence, designed to help healthcare professionals in their work."	
<http://vivoweb.org/ontology/scientific-research#Phase1ClinicalTrial>	"Phase 1 Clinical Trial"	
<http://vivoweb.org/ontology/core#Certificate>	"A document confirming certain characteristics of a person or organization, usually provided by some form of external review, education, or assessment."	
<http://purl.obolibrary.org/obo/ERO_0000005>	"An information content entity that describes a service performed by a person or organization with the objective of performing a technique, providing training, providing storage of data or material entities, or providing access to resources for another person or organization"	
<http://purl.org/ontology/bibo/Code>	"A work consisting of texts of rules and regulations related to statutes issued by executive or administrative agencies"	
<http://purl.obolibrary.org/obo/IAO_0000104>	"a directive information entity that when concretized it is realized in a process in which the bearer tries to achieve the objectives, in part by taking the actions specified. Plan specifications includes parts such as objective specification, action specifications and conditional specifications."@en	
<http://www.w3.org/2006/vcard/ns#Organization>		
<http://vivoweb.org/ontology/core#Team>	"An informal organization brought together for the purposes of a project or event"	
<http://purl.obolibrary.org/obo/ERO_0000016>	"An interventional study that contains a set of procedures in medical research and drug development that are conducted to allow safety (or more specifically, information about adverse drug reactions and adverse effects of other treatments) and efficacy data to be collected for health interventions (e.g., drugs, diagnostics, devices, therapy protocols) that is performed over phases."	
<http://vivoweb.org/ontology/core#OrganizerRole>	"A role of organizing"	
<http://purl.obolibrary.org/obo/IAO_0000027>	"a data item is an information content entity that is intended to be a truthful statement about something (modulo, e.g., measurement precision or other systematic errors) and is constructed/acquired by a method which reliably tends to produce (approximately) truthful statements."@en	
<http://vivoweb.org/ontology/core#License>	"Official or legal permission to do something"	
<http://www.w3.org/2006/vcard/ns#Nickname>		
<http://purl.org/NET/c4dm/event.owl#Event>	"Something that happens at a given place and time."	
<http://vivoweb.org/ontology/core#ServiceProvidingLaboratory>	"A laboratory that provides services"	
<http://purl.org/ontology/bibo/Website>	"A group of webpages available within a specific parent address or URL on the World Wide Web"	
<http://vivoweb.org/ontology/core#ResearchOrganization>	"Any organization (likely also asserted as another class of Organization) with a primary, ongoing research function, not just through occasional roles"	
<http://vivoweb.org/ontology/core#F1000Link>		
<http://purl.obolibrary.org/obo/ERO_0000595>	"An offering through an ongoing program or single request of research support: internships, positions, financial awards or other forms of tangible or intangible support"	
<http://purl.obolibrary.org/obo/IAO_0000300>	"A textual entity is a part of a manifestation (FRBR sense), a generically dependent continuant whose concretizations are patterns of glyphs intended to be interpreted as words, formulas, etc."@en	
<http://aims.fao.org/aos/geopolitical.owl#other>		
<http://purl.obolibrary.org/obo/IAO_0000144>	"A textual entity that expresses the results of reasoning about a problem, for instance as typically found towards the end of scientific papers."@en	
<http://www.w3.org/2006/vcard/ns#Coresident>		
<http://www.w3.org/2006/vcard/ns#Other>		
<http://purl.obolibrary.org/obo/OBI_0001554>		
<http://www.w3.org/2006/vcard/ns#Cell>		
<http://vivoweb.org/ontology/core#Laboratory>	"An organization unit that facilitates or conduits observation, testing, experimentation, or research in a field of study or practice."	
<http://vivoweb.org/ontology/core#NonAcademic>	"A person holding a position that is not considered to be an academic appointment."	
<http://www.w3.org/2006/vcard/ns#Group>		
<http://vivoweb.org/ontology/core#Credential>	"An attestation of qualification, competence, or authority issued to an individual by a third \n        party with a relevant or  de facto authority or assumed competence to do so."@en	
<http://www.w3.org/2006/vcard/ns#TelephoneType>		
<http://www.w3.org/2006/vcard/ns#TextPhone>		
<http://www.w3.org/2006/vcard/ns#Spouse>		
<http://purl.obolibrary.org/obo/BFO_0000038>		
<http://aims.fao.org/aos/geopolitical.owl#non_self_governing>		
<http://vivoweb.org/ontology/core#EducationalProcess>	"Represents educational training that has been received."	
<http://www.w3.org/2006/vcard/ns#Category>		
<http://purl.org/ontology/bibo/Conference>	"A meeting for consultation or discussion."	
<http://www.w3.org/2006/vcard/ns#Date>		
<http://vivoweb.org/ontology/core#GeographicRegion>	"A location having coordinates in geographic space."	
<http://vivoweb.org/ontology/core#PrimaryPosition>	"A position designated as primary by the organization where it is held."	
<http://purl.org/ontology/bibo/AcademicArticle>	"Written by scholars for other scholars, typically published in an academic journal with an abstract and bibliography"	
<http://vivoweb.org/ontology/core#Location>	"Top level of all location classes."	
<http://purl.obolibrary.org/obo/ERO_0001259>	"A maintenance service offering that describes a service in which the provider actively maintains a material resource (e.g. a model organism colony) for the service consumer.  A material maintenance service may or may not include storage of the material input."	
<http://vivoweb.org/ontology/core#IssuedCredential>		
<http://purl.obolibrary.org/obo/ERO_0000914>	"A student role inhering in a person that is realized when the bearer participates in a post-graduate training program in pursuit of new or additional training in a particular field, such as a post-doctoral fellowship."	
<http://purl.obolibrary.org/obo/BFO_0000001>		
<http://purl.obolibrary.org/obo/IAO_0000033>	"An information content entity whose concretizations indicate to their bearer how to realize them in a process."@en	
<http://aims.fao.org/aos/geopolitical.owl#organization>		
<http://vivoweb.org/ontology/core#Dataset>	"A named collection of data, usually containing only one type of data"	
<http://schema.org/Person>		
<http://vivoweb.org/ontology/core#AdvisingRelationship>	"A dual relationship of one person being advised or mentored by another person, typically including start and end dates"	
<http://vivoweb.org/ontology/core#InvestigatorRole>	"A role in an Agreement (for example, a grant) as a named investigator or key personnel."	
<http://purl.org/ontology/bibo/Letter>	"A written or printed communication addressed to a person or organization and usually transmitted by mail"	
<http://vivoweb.org/ontology/core#EmeritusProfessor>	"A retired professor who has retained their rank, title and privileges."	
<http://purl.obolibrary.org/obo/BFO_0000002>	"An entity that exists in full at any time in which it exists at all, persists through time while maintaining its identity and has no temporal parts."@en	
<http://xmlns.com/foaf/0.1/Organization>	"A kind of Agent corresponding to social instititutions such as companies, societies etc."	
<http://vivoweb.org/ontology/scientific-research#Phase1ClinicalTrial>	"In Phase I trials, researchers test an experimental drug or treatment in a small group of people (20-80) for the first time to evaluate its safety, determine a safe dosage range, and identify side effects"	
<http://purl.obolibrary.org/obo/ERO_0001716>	"A database is an organized collection of data, today typically in digital form."	
<http://vivoweb.org/ontology/core#Certification>	"An issued certificate"	
<http://purl.obolibrary.org/obo/BFO_0000016>		
<http://web.resource.org/cc/Work>		
<http://www.w3.org/2006/vcard/ns#Kind>		
<http://www.w3.org/2006/vcard/ns#Name>		
<http://www.geneontology.org/formats/oboInOwl#Definition>		
<http://vivoweb.org/ontology/core#Competition>	"An occasion on which a winner is selected from among two or more contestants."	
<http://www.w3.org/2006/vcard/ns#Related>		
<http://vivoweb.org/ontology/scientific-research#Phase4ClinicalTrial>	"In Phase 4 trials, post marketing studies delineate additional information including the drug's or treatment's risks, benefits, and optimal use."	
<http://purl.obolibrary.org/obo/ERO_0001260>	"A maintenance service offering that describes a service in which the provider actively manages or maintains data or a database for the service consumer.  Maintenance of the data is performed to maintain its integrity or enhance its quality or utility for the consumer, but new data is not generated as a result of the maintenance."	
<http://www.w3.org/2006/vcard/ns#CalendarBusy>		
<http://vivoweb.org/ontology/core#Team>	"A group of people working together."	
<http://purl.obolibrary.org/obo/GO_0008150>		
<http://vivoweb.org/ontology/core#Association>	"A group of persons or organizations organized for a common purpose."	
<http://purl.obolibrary.org/obo/ERO_0000778>	"A US resident role that inheres in an individual who is not a legally recognized subject or national of the United States."	
<http://xmlns.com/foaf/0.1/Agent>	"Things that do stuff."	
<http://vivoweb.org/ontology/core#ExtensionUnit>	"A unit devoted primarily to extension activities, whether for outreach or research."	
<http://www.geneontology.org/formats/oboInOwl#DbXref>		
<http://vivoweb.org/ontology/core#CollectionProcess>	"A process which has as its output, a collection of material entities and/or information content entities"@en	
<http://vivoweb.org/ontology/core#TeacherRole>	"A role of serving as an educator"	
<http://vivoweb.org/ontology/core#ClinicalOrganization>	"Any organization that offers significant health services or routinely provides medical care to patients."	
<http://purl.obolibrary.org/obo/BFO_0000148>		
<http://purl.org/dc/terms/Agent>		
<http://vivoweb.org/ontology/core#PopulatedPlace>	"Either city or town - a thickly populated area having fixed boundaries and certain local powers of government."	
<http://purl.obolibrary.org/obo/IAO_0000003>	"A measurement unit label is as a label that is part of a scalar measurement datum and denotes a unit of measure."@en	
<http://purl.org/ontology/bibo/Proceedings>	"A compilation of documents published from an event, such as a conference"	
<http://www.geneontology.org/formats/oboInOwl#Synonym>		
<http://purl.obolibrary.org/obo/ERO_0000783>	"A role inhering in a person that is realized when the bearer participates a course of study, as in a school, college, university, etc."	
<http://www.w3.org/2006/vcard/ns#Email>		
<http://vivoweb.org/ontology/core#Committee>	"A group of people organized for a specific purpose (e.g., a reporting or advisory role), often with a charge and for a specific duration"	
<http://purl.obolibrary.org/obo/BFO_0000040>	"An independent continuant that is spatially extended whose identity is independent of that of other entities and can be maintained through time."@en	
<http://vivoweb.org/ontology/core#AcademicYear>	"An explicit individual period considered by an academic institution to be its primary academic cycle."	
<http://purl.obolibrary.org/obo/GO_0016301>		
