?x	?p	?y
<http://vivoweb.org/ontology/core#Position>	<http://vivoweb.org/ontology/core#relates>	<http://xmlns.com/foaf/0.1/Organization>
<http://vivoweb.org/ontology/core#Contract>	<http://vivoweb.org/ontology/core#relates>	<http://xmlns.com/foaf/0.1/Agent>
<http://vivoweb.org/ontology/core#IssuedCredential>	<http://vivoweb.org/ontology/core#relates>	<http://xmlns.com/foaf/0.1/Agent>
<http://purl.obolibrary.org/obo/ERO_0000014>	<http://purl.obolibrary.org/obo/BFO_0000051>	<http://purl.obolibrary.org/obo/OBI_0000066>
<http://vivoweb.org/ontology/core#AdvisingRelationship>	<http://vivoweb.org/ontology/core#relates>	<http://vivoweb.org/ontology/core#AdviseeRole>
<http://purl.obolibrary.org/obo/IAO_0000030>	<http://purl.obolibrary.org/obo/IAO_0000136>	<http://purl.obolibrary.org/obo/BFO_0000001>
<http://vivoweb.org/ontology/core#Position>	<http://vivoweb.org/ontology/core#relates>	<http://xmlns.com/foaf/0.1/Person>
<http://vivoweb.org/ontology/core#IssuedCredential>	<http://vivoweb.org/ontology/core#relates>	<http://vivoweb.org/ontology/core#Credential>
<http://purl.obolibrary.org/obo/ERO_0000004>	<http://purl.obolibrary.org/obo/OBI_0000312>	<http://purl.obolibrary.org/obo/OBI_0000094>
<http://xmlns.com/foaf/0.1/Organization>	<http://purl.obolibrary.org/obo/ARG_2000028>	<http://www.w3.org/2006/vcard/ns#Organization>
<http://vivoweb.org/ontology/core#Contract>	<http://vivoweb.org/ontology/core#relates>	<http://purl.obolibrary.org/obo/BFO_0000023>
<http://vivoweb.org/ontology/core#AwardReceipt>	<http://vivoweb.org/ontology/core#relates>	<http://xmlns.com/foaf/0.1/Agent>
<http://vivoweb.org/ontology/core#Grant>	<http://vivoweb.org/ontology/core#relates>	<http://purl.obolibrary.org/obo/BFO_0000023>
<http://xmlns.com/foaf/0.1/Person>	<http://purl.obolibrary.org/obo/ARG_2000028>	<http://www.w3.org/2006/vcard/ns#Individual>
<http://vivoweb.org/ontology/core#Authorship>	<http://vivoweb.org/ontology/core#relates>	<http://xmlns.com/foaf/0.1/Agent>
<http://vivoweb.org/ontology/core#Editorship>	<http://vivoweb.org/ontology/core#relates>	<http://xmlns.com/foaf/0.1/Agent>
<http://vivoweb.org/ontology/core#AwardedDegree>	<http://vivoweb.org/ontology/core#relates>	<http://xmlns.com/foaf/0.1/Person>
<http://vivoweb.org/ontology/core#Grant>	<http://vivoweb.org/ontology/core#relates>	<http://xmlns.com/foaf/0.1/Agent>
<http://vivoweb.org/ontology/core#AdvisingRelationship>	<http://vivoweb.org/ontology/core#relates>	<http://vivoweb.org/ontology/core#AdvisorRole>
<http://vivoweb.org/ontology/core#AdvisingRelationship>	<http://vivoweb.org/ontology/core#relates>	<http://xmlns.com/foaf/0.1/Person>
<http://vivoweb.org/ontology/core#Editorship>	<http://vivoweb.org/ontology/core#relates>	<http://purl.obolibrary.org/obo/IAO_0000030>
<http://purl.obolibrary.org/obo/ERO_0000020>	<http://purl.obolibrary.org/obo/RO_0001000>	<http://purl.obolibrary.org/obo/OBI_0100026>
<http://vivoweb.org/ontology/core#AwardedDegree>	<http://vivoweb.org/ontology/core#relates>	<http://vivoweb.org/ontology/core#AcademicDegree>
<http://vivoweb.org/ontology/core#Authorship>	<http://vivoweb.org/ontology/core#relates>	<http://purl.obolibrary.org/obo/IAO_0000030>
<http://vivoweb.org/ontology/core#AwardReceipt>	<http://vivoweb.org/ontology/core#relates>	<http://vivoweb.org/ontology/core#Award>
<http://purl.obolibrary.org/obo/IAO_0000030>	<http://www.w3.org/2000/01/rdf-schema#subClassOf>	<http://purl.obolibrary.org/obo/BFO_0000031>
<http://purl.org/ontology/bibo/Slideshow>	<http://www.w3.org/2000/01/rdf-schema#subClassOf>	<http://purl.org/ontology/bibo/Document>
<http://purl.obolibrary.org/obo/ERO_0000790>	<http://www.w3.org/2000/01/rdf-schema#subClassOf>	<http://purl.obolibrary.org/obo/ERO_0000783>
<http://vivoweb.org/ontology/core#Country>	<http://www.w3.org/2000/01/rdf-schema#subClassOf>	<http://vivoweb.org/ontology/core#GeopoliticalEntity>
<http://www.w3.org/2006/vcard/ns#FormattedName>	<http://www.w3.org/2000/01/rdf-schema#subClassOf>	<http://www.w3.org/2006/vcard/ns#Identification>
<http://purl.obolibrary.org/obo/IAO_0000007>	<http://www.w3.org/2000/01/rdf-schema#subClassOf>	<http://purl.obolibrary.org/obo/IAO_0000033>
<http://vivoweb.org/ontology/core#AcademicDepartment>	<http://www.w3.org/2000/01/rdf-schema#subClassOf>	<http://vivoweb.org/ontology/core#Department>
<http://purl.obolibrary.org/obo/BFO_0000148>	<http://www.w3.org/2000/01/rdf-schema#subClassOf>	<http://purl.obolibrary.org/obo/BFO_0000008>
<http://aims.fao.org/aos/geopolitical.owl#disputed>	<http://www.w3.org/2000/01/rdf-schema#subClassOf>	<http://aims.fao.org/aos/geopolitical.owl#territory>
<http://www.w3.org/2006/vcard/ns#OrganizationName>	<http://www.w3.org/2000/01/rdf-schema#subClassOf>	<http://www.w3.org/2006/vcard/ns#Organizational>
<http://vivoweb.org/ontology/core#Screenplay>	<http://www.w3.org/2000/01/rdf-schema#subClassOf>	<http://purl.org/ontology/bibo/Document>
<http://purl.org/ontology/bibo/BookSection>	<http://www.w3.org/2000/01/rdf-schema#subClassOf>	<http://purl.org/ontology/bibo/DocumentPart>
<http://vivoweb.org/ontology/core#GeographicLocation>	<http://www.w3.org/2000/01/rdf-schema#subClassOf>	<http://vivoweb.org/ontology/core#Location>
<http://aims.fao.org/aos/geopolitical.owl#geographical_region>	<http://www.w3.org/2000/01/rdf-schema#subClassOf>	<http://aims.fao.org/aos/geopolitical.owl#group>
<http://vivoweb.org/ontology/core#Equipment>	<http://www.w3.org/2000/01/rdf-schema#subClassOf>	<http://purl.obolibrary.org/obo/BFO_0000040>
<http://vivoweb.org/ontology/core#WorkshopSeries>	<http://www.w3.org/2000/01/rdf-schema#subClassOf>	<http://vivoweb.org/ontology/core#EventSeries>
<http://purl.org/spar/fabio/ClinicalGuideline>	<http://www.w3.org/2000/01/rdf-schema#subClassOf>	<http://purl.org/ontology/bibo/Document>
<http://www.w3.org/2006/vcard/ns#Organization>	<http://www.w3.org/2000/01/rdf-schema#subClassOf>	<http://www.w3.org/2006/vcard/ns#Kind>
<http://vivoweb.org/ontology/core#Course>	<http://www.w3.org/2000/01/rdf-schema#subClassOf>	<http://purl.org/NET/c4dm/event.owl#Event>
<http://www.w3.org/2006/vcard/ns#Telephone>	<http://www.w3.org/2000/01/rdf-schema#subClassOf>	<http://www.w3.org/2006/vcard/ns#Communication>
<http://vivoweb.org/ontology/core#Continent>	<http://www.w3.org/2000/01/rdf-schema#subClassOf>	<http://vivoweb.org/ontology/core#GeographicRegion>
<http://purl.obolibrary.org/obo/ARG_2000021>	<http://www.w3.org/2000/01/rdf-schema#subClassOf>	<http://purl.obolibrary.org/obo/BFO_0000019>
<http://purl.obolibrary.org/obo/BFO_0000034>	<http://www.w3.org/2000/01/rdf-schema#subClassOf>	<http://purl.obolibrary.org/obo/BFO_0000016>
<http://vivoweb.org/ontology/core#Score>	<http://www.w3.org/2000/01/rdf-schema#subClassOf>	<http://purl.org/ontology/bibo/Document>
<http://vivoweb.org/ontology/core#Hospital>	<http://www.w3.org/2000/01/rdf-schema#subClassOf>	<http://xmlns.com/foaf/0.1/Organization>
<http://vivoweb.org/ontology/core#Review>	<http://www.w3.org/2000/01/rdf-schema#subClassOf>	<http://purl.org/ontology/bibo/Article>
<http://purl.obolibrary.org/obo/OBI_0000835>	<http://www.w3.org/2000/01/rdf-schema#subClassOf>	<http://xmlns.com/foaf/0.1/Agent>
<http://purl.org/net/OCRe/study_design.owl#Phase_3>	<http://www.w3.org/2000/01/rdf-schema#subClassOf>	<http://purl.org/net/OCRe/study_design.owl#OCRE100038>
<http://purl.obolibrary.org/obo/UO_0000280>	<http://www.w3.org/2000/01/rdf-schema#subClassOf>	<http://purl.obolibrary.org/obo/IAO_0000003>
<http://www.w3.org/2006/vcard/ns#Address>	<http://www.w3.org/2000/01/rdf-schema#subClassOf>	<http://www.w3.org/2006/vcard/ns#Addressing>
<http://purl.org/ontology/bibo/Periodical>	<http://www.w3.org/2000/01/rdf-schema#subClassOf>	<http://purl.org/ontology/bibo/Collection>
<http://purl.obolibrary.org/obo/ERO_0000779>	<http://www.w3.org/2000/01/rdf-schema#subClassOf>	<http://purl.obolibrary.org/obo/ERO_0000778>
<http://www.w3.org/2006/vcard/ns#Location>	<http://www.w3.org/2000/01/rdf-schema#subClassOf>	<http://www.w3.org/2006/vcard/ns#Kind>
<http://aims.fao.org/aos/geopolitical.owl#non_self_governing>	<http://www.w3.org/2000/01/rdf-schema#subClassOf>	<http://aims.fao.org/aos/geopolitical.owl#territory>
<http://purl.obolibrary.org/obo/IAO_0000032>	<http://www.w3.org/2000/01/rdf-schema#subClassOf>	<http://purl.obolibrary.org/obo/IAO_0000109>
<http://purl.obolibrary.org/obo/ERO_0000016>	<http://www.w3.org/2000/01/rdf-schema#subClassOf>	<http://purl.org/net/OCRe/research.owl#Interventional_study>
<http://www.w3.org/2006/vcard/ns#Category>	<http://www.w3.org/2000/01/rdf-schema#subClassOf>	<http://www.w3.org/2006/vcard/ns#Explanatory>
<http://purl.org/ontology/bibo/Performance>	<http://www.w3.org/2000/01/rdf-schema#subClassOf>	<http://purl.org/NET/c4dm/event.owl#Event>
<http://purl.obolibrary.org/obo/BFO_0000029>	<http://www.w3.org/2000/01/rdf-schema#subClassOf>	<http://purl.obolibrary.org/obo/BFO_0000141>
<http://www.w3.org/2006/vcard/ns#Crush>	<http://www.w3.org/2000/01/rdf-schema#subClassOf>	<http://www.w3.org/2006/vcard/ns#RelatedType>
<http://purl.obolibrary.org/obo/OBI_0000272>	<http://www.w3.org/2000/01/rdf-schema#subClassOf>	<http://purl.org/ontology/bibo/Document>
<http://vivoweb.org/ontology/core#FacultyMentoringRelationship>	<http://www.w3.org/2000/01/rdf-schema#subClassOf>	<http://vivoweb.org/ontology/core#AdvisingRelationship>
<http://www.w3.org/2006/vcard/ns#Me>	<http://www.w3.org/2000/01/rdf-schema#subClassOf>	<http://www.w3.org/2006/vcard/ns#RelatedType>
<http://vivoweb.org/ontology/core#ClinicalOrganization>	<http://www.w3.org/2000/01/rdf-schema#subClassOf>	<http://xmlns.com/foaf/0.1/Organization>
<http://xmlns.com/foaf/0.1/Agent>	<http://www.w3.org/2000/01/rdf-schema#subClassOf>	<http://purl.obolibrary.org/obo/BFO_0000004>
<http://purl.obolibrary.org/obo/ERO_0000778>	<http://www.w3.org/2000/01/rdf-schema#subClassOf>	<http://purl.obolibrary.org/obo/ERO_0000776>
<http://purl.org/ontology/bibo/LegalDecision>	<http://www.w3.org/2000/01/rdf-schema#subClassOf>	<http://purl.org/ontology/bibo/LegalCaseDocument>
<http://purl.obolibrary.org/obo/ARG_2000011>	<http://www.w3.org/2000/01/rdf-schema#subClassOf>	<http://purl.obolibrary.org/obo/ARG_2000010>
<http://purl.org/ontology/bibo/Magazine>	<http://www.w3.org/2000/01/rdf-schema#subClassOf>	<http://purl.org/ontology/bibo/Periodical>
<http://vivoweb.org/ontology/core#CoPrincipalInvestigatorRole>	<http://www.w3.org/2000/01/rdf-schema#subClassOf>	<http://vivoweb.org/ontology/core#InvestigatorRole>
<http://purl.obolibrary.org/obo/OBI_0000011>	<http://www.w3.org/2000/01/rdf-schema#subClassOf>	<http://purl.obolibrary.org/obo/BFO_0000015>
<http://www.w3.org/2006/vcard/ns#Colleague>	<http://www.w3.org/2000/01/rdf-schema#subClassOf>	<http://www.w3.org/2006/vcard/ns#RelatedType>
<http://purl.org/ontology/bibo/Interview>	<http://www.w3.org/2000/01/rdf-schema#subClassOf>	<http://purl.org/NET/c4dm/event.owl#Event>
<http://www.w3.org/2006/vcard/ns#Pager>	<http://www.w3.org/2000/01/rdf-schema#subClassOf>	<http://www.w3.org/2006/vcard/ns#TelephoneType>
<http://purl.org/net/OCRe/study_design.owl#Phase_0>	<http://www.w3.org/2000/01/rdf-schema#subClassOf>	<http://purl.org/net/OCRe/study_design.owl#OCRE100038>
<http://purl.org/ontology/bibo/AcademicArticle>	<http://www.w3.org/2000/01/rdf-schema#subClassOf>	<http://purl.org/ontology/bibo/Article>
<http://www.w3.org/2006/vcard/ns#CalendarLink>	<http://www.w3.org/2000/01/rdf-schema#subClassOf>	<http://www.w3.org/2006/vcard/ns#Calendar>
<http://www.w3.org/2006/vcard/ns#Met>	<http://www.w3.org/2000/01/rdf-schema#subClassOf>	<http://www.w3.org/2006/vcard/ns#RelatedType>
<http://purl.obolibrary.org/obo/BFO_0000017>	<http://www.w3.org/2000/01/rdf-schema#subClassOf>	<http://purl.obolibrary.org/obo/BFO_0000020>
<http://purl.obolibrary.org/obo/ERO_0000394>	<http://www.w3.org/2000/01/rdf-schema#subClassOf>	<http://purl.obolibrary.org/obo/ERO_0000005>
<http://purl.obolibrary.org/obo/ERO_0000014>	<http://www.w3.org/2000/01/rdf-schema#subClassOf>	<http://vivoweb.org/ontology/core#Project>
<http://vivoweb.org/ontology/core#UndergraduateAdvisingRelationship>	<http://www.w3.org/2000/01/rdf-schema#subClassOf>	<http://vivoweb.org/ontology/core#AdvisingRelationship>
<http://purl.obolibrary.org/obo/BFO_0000002>	<http://www.w3.org/2000/01/rdf-schema#subClassOf>	<http://purl.obolibrary.org/obo/BFO_0000001>
<http://purl.org/ontology/bibo/Letter>	<http://www.w3.org/2000/01/rdf-schema#subClassOf>	<http://purl.org/ontology/bibo/PersonalCommunicationDocument>
<http://www.w3.org/2006/vcard/ns#TextPhone>	<http://www.w3.org/2000/01/rdf-schema#subClassOf>	<http://www.w3.org/2006/vcard/ns#TelephoneType>
<http://www.w3.org/2006/vcard/ns#OrganizationUnitName>	<http://www.w3.org/2000/01/rdf-schema#subClassOf>	<http://www.w3.org/2006/vcard/ns#OrganizationName>
<http://purl.org/ontology/bibo/Series>	<http://www.w3.org/2000/01/rdf-schema#subClassOf>	<http://purl.org/ontology/bibo/Collection>
<http://www.w3.org/2006/vcard/ns#Sound>	<http://www.w3.org/2000/01/rdf-schema#subClassOf>	<http://www.w3.org/2006/vcard/ns#Explanatory>
<http://purl.org/ontology/bibo/Book>	<http://www.w3.org/2000/01/rdf-schema#subClassOf>	<http://purl.org/ontology/bibo/Document>
<http://vivoweb.org/ontology/core#Newsletter>	<http://www.w3.org/2000/01/rdf-schema#subClassOf>	<http://purl.org/ontology/bibo/Periodical>
<http://purl.obolibrary.org/obo/ERO_0001716>	<http://www.w3.org/2000/01/rdf-schema#subClassOf>	<http://purl.obolibrary.org/obo/IAO_0000030>
<http://vivoweb.org/ontology/core#University>	<http://www.w3.org/2000/01/rdf-schema#subClassOf>	<http://xmlns.com/foaf/0.1/Organization>
<http://vivoweb.org/ontology/core#LeaderRole>	<http://www.w3.org/2000/01/rdf-schema#subClassOf>	<http://purl.obolibrary.org/obo/BFO_0000023>
<http://purl.org/ontology/bibo/Legislation>	<http://www.w3.org/2000/01/rdf-schema#subClassOf>	<http://purl.org/ontology/bibo/LegalDocument>
<http://www.w3.org/2006/vcard/ns#Title>	<http://www.w3.org/2000/01/rdf-schema#subClassOf>	<http://www.w3.org/2006/vcard/ns#Organizational>
<http://vivoweb.org/ontology/core#Company>	<http://www.w3.org/2000/01/rdf-schema#subClassOf>	<http://xmlns.com/foaf/0.1/Organization>
<http://www.w3.org/2006/vcard/ns#RelatedType>	<http://www.w3.org/2000/01/rdf-schema#subClassOf>	<http://www.w3.org/2006/vcard/ns#Code>
<http://vivoweb.org/ontology/core#DateTimeValuePrecision>	<http://www.w3.org/2000/01/rdf-schema#subClassOf>	<http://purl.obolibrary.org/obo/BFO_0000019>
<http://purl.obolibrary.org/obo/ARG_2000008>	<http://www.w3.org/2000/01/rdf-schema#subClassOf>	<http://purl.obolibrary.org/obo/IAO_0000032>
<http://vivoweb.org/ontology/core#ConferencePaper>	<http://www.w3.org/2000/01/rdf-schema#subClassOf>	<http://purl.org/ontology/bibo/Article>
<http://www.w3.org/2006/vcard/ns#Key>	<http://www.w3.org/2000/01/rdf-schema#subClassOf>	<http://www.w3.org/2006/vcard/ns#Security>
<http://aims.fao.org/aos/geopolitical.owl#organization>	<http://www.w3.org/2000/01/rdf-schema#subClassOf>	<http://aims.fao.org/aos/geopolitical.owl#group>
<http://purl.org/ontology/bibo/Webpage>	<http://www.w3.org/2000/01/rdf-schema#subClassOf>	<http://purl.org/ontology/bibo/Document>
<http://www.w3.org/2006/vcard/ns#TelephoneType>	<http://www.w3.org/2000/01/rdf-schema#subClassOf>	<http://www.w3.org/2006/vcard/ns#Code>
<http://www.w3.org/2006/vcard/ns#Cell>	<http://www.w3.org/2000/01/rdf-schema#subClassOf>	<http://www.w3.org/2006/vcard/ns#TelephoneType>
<http://vivoweb.org/ontology/core#OutreachProviderRole>	<http://www.w3.org/2000/01/rdf-schema#subClassOf>	<http://purl.obolibrary.org/obo/BFO_0000023>
<http://vivoweb.org/ontology/core#Postdoc>	<http://www.w3.org/2000/01/rdf-schema#subClassOf>	<http://vivoweb.org/ontology/core#NonFacultyAcademic>
<http://www.w3.org/2006/vcard/ns#Coresident>	<http://www.w3.org/2000/01/rdf-schema#subClassOf>	<http://www.w3.org/2006/vcard/ns#RelatedType>
<http://www.w3.org/2006/vcard/ns#Kin>	<http://www.w3.org/2000/01/rdf-schema#subClassOf>	<http://www.w3.org/2006/vcard/ns#RelatedType>
<http://aims.fao.org/aos/geopolitical.owl#territory>	<http://www.w3.org/2000/01/rdf-schema#subClassOf>	<http://vivoweb.org/ontology/core#GeopoliticalEntity>
<http://purl.org/ontology/bibo/Website>	<http://www.w3.org/2000/01/rdf-schema#subClassOf>	<http://purl.org/ontology/bibo/Collection>
<http://purl.org/ontology/bibo/Manual>	<http://www.w3.org/2000/01/rdf-schema#subClassOf>	<http://purl.org/ontology/bibo/Document>
<http://purl.org/ontology/bibo/Map>	<http://www.w3.org/2000/01/rdf-schema#subClassOf>	<http://purl.org/ontology/bibo/Image>
<http://vivoweb.org/ontology/core#Licensure>	<http://www.w3.org/2000/01/rdf-schema#subClassOf>	<http://vivoweb.org/ontology/core#IssuedCredential>
<http://vivoweb.org/ontology/core#ExtensionUnit>	<http://www.w3.org/2000/01/rdf-schema#subClassOf>	<http://xmlns.com/foaf/0.1/Organization>
<http://purl.obolibrary.org/obo/IAO_0000144>	<http://www.w3.org/2000/01/rdf-schema#subClassOf>	<http://purl.obolibrary.org/obo/IAO_0000030>
<http://purl.obolibrary.org/obo/IAO_0000009>	<http://www.w3.org/2000/01/rdf-schema#subClassOf>	<http://purl.obolibrary.org/obo/IAO_0000030>
<http://vivoweb.org/ontology/core#Database>	<http://www.w3.org/2000/01/rdf-schema#subClassOf>	<http://purl.org/ontology/bibo/CollectedDocument>
<http://vivoweb.org/ontology/core#EmeritusLibrarian>	<http://www.w3.org/2000/01/rdf-schema#subClassOf>	<http://xmlns.com/foaf/0.1/Person>
<http://purl.obolibrary.org/obo/ERO_0000007>	<http://www.w3.org/2000/01/rdf-schema#subClassOf>	<http://purl.obolibrary.org/obo/OBI_0000011>
<http://purl.org/spar/fabio/Comment>	<http://www.w3.org/2000/01/rdf-schema#subClassOf>	<http://purl.org/ontology/bibo/Document>
<http://www.w3.org/2006/vcard/ns#Home>	<http://www.w3.org/2000/01/rdf-schema#subClassOf>	<http://www.w3.org/2006/vcard/ns#Type>
<http://vivoweb.org/ontology/core#Certification>	<http://www.w3.org/2000/01/rdf-schema#subClassOf>	<http://vivoweb.org/ontology/core#IssuedCredential>
<http://www.w3.org/2006/vcard/ns#Parent>	<http://www.w3.org/2000/01/rdf-schema#subClassOf>	<http://www.w3.org/2006/vcard/ns#RelatedType>
<http://purl.org/ontology/bibo/Manuscript>	<http://www.w3.org/2000/01/rdf-schema#subClassOf>	<http://purl.org/ontology/bibo/Document>
<http://www.w3.org/2006/vcard/ns#Logo>	<http://www.w3.org/2000/01/rdf-schema#subClassOf>	<http://www.w3.org/2006/vcard/ns#Organizational>
<http://vivoweb.org/ontology/core#EditorRole>	<http://www.w3.org/2000/01/rdf-schema#subClassOf>	<http://purl.obolibrary.org/obo/BFO_0000023>
<http://purl.obolibrary.org/obo/ERO_0001262>	<http://www.w3.org/2000/01/rdf-schema#subClassOf>	<http://purl.obolibrary.org/obo/ERO_0001261>
<http://aims.fao.org/aos/geopolitical.owl#self_governing>	<http://www.w3.org/2000/01/rdf-schema#subClassOf>	<http://vivoweb.org/ontology/core#GeopoliticalEntity>
<http://www.w3.org/2006/vcard/ns#Agent>	<http://www.w3.org/2000/01/rdf-schema#subClassOf>	<http://www.w3.org/2006/vcard/ns#RelatedType>
<http://purl.org/ontology/bibo/Code>	<http://www.w3.org/2000/01/rdf-schema#subClassOf>	<http://purl.org/ontology/bibo/Periodical>
<http://purl.org/net/OCRe/study_design.owl#Phase_2>	<http://www.w3.org/2000/01/rdf-schema#subClassOf>	<http://purl.org/net/OCRe/study_design.owl#OCRE100038>
<http://www.w3.org/2006/vcard/ns#URL>	<http://www.w3.org/2000/01/rdf-schema#subClassOf>	<http://www.w3.org/2006/vcard/ns#Explanatory>
<http://www.w3.org/2006/vcard/ns#TimeZone>	<http://www.w3.org/2000/01/rdf-schema#subClassOf>	<http://www.w3.org/2006/vcard/ns#Geographical>
<http://www.w3.org/2006/vcard/ns#Email>	<http://www.w3.org/2000/01/rdf-schema#subClassOf>	<http://www.w3.org/2006/vcard/ns#Communication>
<http://purl.obolibrary.org/obo/VIVOTEST_0000001>	<http://www.w3.org/2000/01/rdf-schema#subClassOf>	<http://purl.obolibrary.org/obo/VIVOTEST_0000000>
<http://xmlns.com/foaf/0.1/Person>	<http://www.w3.org/2000/01/rdf-schema#subClassOf>	<http://xmlns.com/foaf/0.1/Agent>
<http://purl.org/ontology/bibo/CollectedDocument>	<http://www.w3.org/2000/01/rdf-schema#subClassOf>	<http://purl.org/ontology/bibo/Document>
<http://xmlns.com/foaf/0.1/Person>	<http://www.w3.org/2000/01/rdf-schema#subClassOf>	<http://www.w3.org/2003/01/geo/wgs84_pos#SpatialThing>
<http://aims.fao.org/aos/geopolitical.owl#other>	<http://www.w3.org/2000/01/rdf-schema#subClassOf>	<http://aims.fao.org/aos/geopolitical.owl#territory>
<http://vivoweb.org/ontology/core#AttendeeRole>	<http://www.w3.org/2000/01/rdf-schema#subClassOf>	<http://purl.obolibrary.org/obo/BFO_0000023>
<http://vivoweb.org/ontology/core#AdvisorRole>	<http://www.w3.org/2000/01/rdf-schema#subClassOf>	<http://purl.obolibrary.org/obo/BFO_0000023>
<http://purl.obolibrary.org/obo/ARG_2000009>	<http://www.w3.org/2000/01/rdf-schema#subClassOf>	<http://purl.obolibrary.org/obo/ARG_2000008>
<http://vivoweb.org/ontology/core#Exhibit>	<http://www.w3.org/2000/01/rdf-schema#subClassOf>	<http://purl.org/NET/c4dm/event.owl#Event>
<http://purl.obolibrary.org/obo/GO_0016301>	<http://www.w3.org/2000/01/rdf-schema#subClassOf>	<http://purl.obolibrary.org/obo/GO_0003674>
<http://purl.obolibrary.org/obo/OBI_0100026>	<http://www.w3.org/2000/01/rdf-schema#subClassOf>	<http://purl.obolibrary.org/obo/BFO_0000040>
<http://purl.obolibrary.org/obo/ERO_0001255>	<http://www.w3.org/2000/01/rdf-schema#subClassOf>	<http://purl.obolibrary.org/obo/ERO_0000005>
<http://vivoweb.org/ontology/core#Competition>	<http://www.w3.org/2000/01/rdf-schema#subClassOf>	<http://purl.org/NET/c4dm/event.owl#Event>
<http://www.w3.org/2006/vcard/ns#Video>	<http://www.w3.org/2000/01/rdf-schema#subClassOf>	<http://www.w3.org/2006/vcard/ns#TelephoneType>
<http://purl.obolibrary.org/obo/ERO_0000393>	<http://www.w3.org/2000/01/rdf-schema#subClassOf>	<http://purl.obolibrary.org/obo/ERO_0000005>
<http://vivoweb.org/ontology/core#AwardReceipt>	<http://www.w3.org/2000/01/rdf-schema#subClassOf>	<http://vivoweb.org/ontology/core#Relationship>
<http://www.w3.org/2006/vcard/ns#Gender>	<http://www.w3.org/2000/01/rdf-schema#subClassOf>	<http://www.w3.org/2006/vcard/ns#Code>
<http://vivoweb.org/ontology/core#Meeting>	<http://www.w3.org/2000/01/rdf-schema#subClassOf>	<http://purl.org/NET/c4dm/event.owl#Event>
<http://www.w3.org/2006/vcard/ns#Voice>	<http://www.w3.org/2000/01/rdf-schema#subClassOf>	<http://www.w3.org/2006/vcard/ns#TelephoneType>
<http://purl.obolibrary.org/obo/ERO_0000780>	<http://www.w3.org/2000/01/rdf-schema#subClassOf>	<http://purl.obolibrary.org/obo/ERO_0000778>
<http://purl.org/ontology/bibo/LegalCaseDocument>	<http://www.w3.org/2000/01/rdf-schema#subClassOf>	<http://purl.org/ontology/bibo/LegalDocument>
<http://vivoweb.org/ontology/core#Relationship>	<http://www.w3.org/2000/01/rdf-schema#subClassOf>	<http://purl.obolibrary.org/obo/BFO_0000020>
<http://www.w3.org/2006/vcard/ns#Acquaintance>	<http://www.w3.org/2000/01/rdf-schema#subClassOf>	<http://www.w3.org/2006/vcard/ns#RelatedType>
<http://purl.obolibrary.org/obo/ARG_2000377>	<http://www.w3.org/2000/01/rdf-schema#subClassOf>	<http://purl.obolibrary.org/obo/ARG_2000379>
<http://vivoweb.org/ontology/core#CoreLaboratory>	<http://www.w3.org/2000/01/rdf-schema#subClassOf>	<http://vivoweb.org/ontology/core#ServiceProvidingLaboratory>
<http://vivoweb.org/ontology/scientific-research#Phase4ClinicalTrial>	<http://www.w3.org/2000/01/rdf-schema#subClassOf>	<http://purl.obolibrary.org/obo/ERO_0000016>
<http://www.w3.org/2006/vcard/ns#Fax>	<http://www.w3.org/2000/01/rdf-schema#subClassOf>	<http://www.w3.org/2006/vcard/ns#TelephoneType>
<http://www.w3.org/2006/vcard/ns#Male>	<http://www.w3.org/2000/01/rdf-schema#subClassOf>	<http://www.w3.org/2006/vcard/ns#Gender>
<http://purl.obolibrary.org/obo/ERO_0000786>	<http://www.w3.org/2000/01/rdf-schema#subClassOf>	<http://purl.obolibrary.org/obo/ERO_0000783>
<http://vivoweb.org/ontology/core#AwardedDegree>	<http://www.w3.org/2000/01/rdf-schema#subClassOf>	<http://vivoweb.org/ontology/core#Relationship>
<http://vivoweb.org/ontology/core#Grant>	<http://www.w3.org/2000/01/rdf-schema#subClassOf>	<http://vivoweb.org/ontology/core#Relationship>
<http://vivoweb.org/ontology/core#AdministratorRole>	<http://www.w3.org/2000/01/rdf-schema#subClassOf>	<http://purl.obolibrary.org/obo/BFO_0000023>
<http://vivoweb.org/ontology/core#MedicalResidency>	<http://www.w3.org/2000/01/rdf-schema#subClassOf>	<http://vivoweb.org/ontology/core#EducationalProcess>
<http://purl.org/ontology/bibo/PersonalCommunicationDocument>	<http://www.w3.org/2000/01/rdf-schema#subClassOf>	<http://purl.org/ontology/bibo/Document>
<http://vivoweb.org/ontology/core#OrganizerRole>	<http://www.w3.org/2000/01/rdf-schema#subClassOf>	<http://purl.obolibrary.org/obo/BFO_0000023>
<http://purl.obolibrary.org/obo/GO_0008150>	<http://www.w3.org/2000/01/rdf-schema#subClassOf>	<http://purl.obolibrary.org/obo/BFO_0000015>
<http://purl.org/ontology/bibo/Statute>	<http://www.w3.org/2000/01/rdf-schema#subClassOf>	<http://purl.org/ontology/bibo/Legislation>
<http://purl.obolibrary.org/obo/BFO_0000003>	<http://www.w3.org/2000/01/rdf-schema#subClassOf>	<http://purl.obolibrary.org/obo/BFO_0000001>
<http://vivoweb.org/ontology/core#Presentation>	<http://www.w3.org/2000/01/rdf-schema#subClassOf>	<http://purl.org/NET/c4dm/event.owl#Event>
<http://purl.org/ontology/bibo/Thesis>	<http://www.w3.org/2000/01/rdf-schema#subClassOf>	<http://purl.org/ontology/bibo/Document>
<http://purl.org/ontology/bibo/Document>	<http://www.w3.org/2000/01/rdf-schema#subClassOf>	<http://purl.obolibrary.org/obo/IAO_0000030>
<http://purl.org/ontology/bibo/EditedBook>	<http://www.w3.org/2000/01/rdf-schema#subClassOf>	<http://purl.org/ontology/bibo/CollectedDocument>
<http://vivoweb.org/ontology/core#Department>	<http://www.w3.org/2000/01/rdf-schema#subClassOf>	<http://xmlns.com/foaf/0.1/Organization>
<http://purl.org/ontology/bibo/Image>	<http://www.w3.org/2000/01/rdf-schema#subClassOf>	<http://purl.org/ontology/bibo/Document>
<http://vivoweb.org/ontology/core#EventSeries>	<http://www.w3.org/2000/01/rdf-schema#subClassOf>	<http://purl.obolibrary.org/obo/BFO_0000015>
<http://vivoweb.org/ontology/core#License>	<http://www.w3.org/2000/01/rdf-schema#subClassOf>	<http://vivoweb.org/ontology/core#Credential>
<http://vivoweb.org/ontology/core#IssuedCredential>	<http://www.w3.org/2000/01/rdf-schema#subClassOf>	<http://vivoweb.org/ontology/core#Relationship>
<http://purl.org/ontology/bibo/DocumentPart>	<http://www.w3.org/2000/01/rdf-schema#subClassOf>	<http://purl.org/ontology/bibo/Document>
<http://purl.obolibrary.org/obo/ERO_0001261>	<http://www.w3.org/2000/01/rdf-schema#subClassOf>	<http://purl.obolibrary.org/obo/ERO_0000005>
<http://www.w3.org/2006/vcard/ns#Geo>	<http://www.w3.org/2000/01/rdf-schema#subClassOf>	<http://www.w3.org/2006/vcard/ns#Geographical>
<http://vivoweb.org/ontology/core#BlogPosting>	<http://www.w3.org/2000/01/rdf-schema#subClassOf>	<http://purl.org/ontology/bibo/Article>
<http://vivoweb.org/ontology/core#Committee>	<http://www.w3.org/2000/01/rdf-schema#subClassOf>	<http://xmlns.com/foaf/0.1/Group>
<http://vivoweb.org/ontology/core#Editorship>	<http://www.w3.org/2000/01/rdf-schema#subClassOf>	<http://vivoweb.org/ontology/core#Relationship>
<http://purl.obolibrary.org/obo/ERO_0001259>	<http://www.w3.org/2000/01/rdf-schema#subClassOf>	<http://purl.obolibrary.org/obo/ERO_0001258>
<http://vivoweb.org/ontology/core#Campus>	<http://www.w3.org/2000/01/rdf-schema#subClassOf>	<http://vivoweb.org/ontology/core#GeographicLocation>
<http://vivoweb.org/ontology/core#OrganizingProcess>	<http://www.w3.org/2000/01/rdf-schema#subClassOf>	<http://purl.obolibrary.org/obo/BFO_0000015>
<http://purl.obolibrary.org/obo/BFO_0000040>	<http://www.w3.org/2000/01/rdf-schema#subClassOf>	<http://purl.obolibrary.org/obo/BFO_0000004>
<http://www.w3.org/2006/vcard/ns#InstantMessage>	<http://www.w3.org/2000/01/rdf-schema#subClassOf>	<http://www.w3.org/2006/vcard/ns#Communication>
<http://purl.org/ontology/bibo/Brief>	<http://www.w3.org/2000/01/rdf-schema#subClassOf>	<http://purl.org/ontology/bibo/LegalCaseDocument>
<http://purl.obolibrary.org/obo/ERO_0001256>	<http://www.w3.org/2000/01/rdf-schema#subClassOf>	<http://purl.obolibrary.org/obo/ERO_0000392>
<http://xmlns.com/foaf/0.1/Group>	<http://www.w3.org/2000/01/rdf-schema#subClassOf>	<http://xmlns.com/foaf/0.1/Agent>
<http://purl.obolibrary.org/obo/IAO_0000109>	<http://www.w3.org/2000/01/rdf-schema#subClassOf>	<http://purl.obolibrary.org/obo/IAO_0000027>
<http://www.w3.org/2006/vcard/ns#Contact>	<http://www.w3.org/2000/01/rdf-schema#subClassOf>	<http://www.w3.org/2006/vcard/ns#RelatedType>
<http://purl.org/ontology/bibo/AudioDocument>	<http://www.w3.org/2000/01/rdf-schema#subClassOf>	<http://purl.org/ontology/bibo/Document>
<http://purl.obolibrary.org/obo/ERO_0001254>	<http://www.w3.org/2000/01/rdf-schema#subClassOf>	<http://purl.obolibrary.org/obo/ERO_0000005>
<http://vivoweb.org/ontology/core#Blog>	<http://www.w3.org/2000/01/rdf-schema#subClassOf>	<http://purl.org/ontology/bibo/Website>
<http://purl.obolibrary.org/obo/ERO_0000392>	<http://www.w3.org/2000/01/rdf-schema#subClassOf>	<http://purl.obolibrary.org/obo/ERO_0000005>
<http://vivoweb.org/ontology/core#Facility>	<http://www.w3.org/2000/01/rdf-schema#subClassOf>	<http://purl.obolibrary.org/obo/BFO_0000029>
<http://purl.org/ontology/bibo/Issue>	<http://www.w3.org/2000/01/rdf-schema#subClassOf>	<http://purl.org/ontology/bibo/CollectedDocument>
<http://vivoweb.org/ontology/core#ConferencePoster>	<http://www.w3.org/2000/01/rdf-schema#subClassOf>	<http://purl.org/ontology/bibo/Document>
<http://vivoweb.org/ontology/core#StateOrProvince>	<http://www.w3.org/2000/01/rdf-schema#subClassOf>	<http://vivoweb.org/ontology/core#GeopoliticalEntity>
<http://purl.org/ontology/bibo/Standard>	<http://www.w3.org/2000/01/rdf-schema#subClassOf>	<http://purl.org/ontology/bibo/Document>
<http://vivoweb.org/ontology/core#Certificate>	<http://www.w3.org/2000/01/rdf-schema#subClassOf>	<http://vivoweb.org/ontology/core#Credential>
<http://www.w3.org/2006/vcard/ns#Related>	<http://www.w3.org/2000/01/rdf-schema#subClassOf>	<http://www.w3.org/2006/vcard/ns#Organizational>
<http://vivoweb.org/ontology/core#PresentingProcess>	<http://www.w3.org/2000/01/rdf-schema#subClassOf>	<http://purl.obolibrary.org/obo/BFO_0000015>
<http://vivoweb.org/ontology/core#Internship>	<http://www.w3.org/2000/01/rdf-schema#subClassOf>	<http://vivoweb.org/ontology/core#EducationalProcess>
<http://purl.org/spar/fabio/Erratum>	<http://www.w3.org/2000/01/rdf-schema#subClassOf>	<http://purl.org/ontology/bibo/Document>
<http://vivoweb.org/ontology/core#GeopoliticalEntity>	<http://www.w3.org/2000/01/rdf-schema#subClassOf>	<http://vivoweb.org/ontology/core#GeographicRegion>
<http://vivoweb.org/ontology/core#Authorship>	<http://www.w3.org/2000/01/rdf-schema#subClassOf>	<http://vivoweb.org/ontology/core#Relationship>
<http://vivoweb.org/ontology/core#Contract>	<http://www.w3.org/2000/01/rdf-schema#subClassOf>	<http://vivoweb.org/ontology/core#Relationship>
<http://purl.obolibrary.org/obo/ERO_0000004>	<http://www.w3.org/2000/01/rdf-schema#subClassOf>	<http://purl.obolibrary.org/obo/BFO_0000040>
<http://purl.obolibrary.org/obo/OBI_0000017>	<http://www.w3.org/2000/01/rdf-schema#subClassOf>	<http://purl.obolibrary.org/obo/BFO_0000023>
<http://purl.obolibrary.org/obo/BFO_0000008>	<http://www.w3.org/2000/01/rdf-schema#subClassOf>	<http://purl.obolibrary.org/obo/BFO_0000003>
<http://purl.obolibrary.org/obo/ERO_0000020>	<http://www.w3.org/2000/01/rdf-schema#subClassOf>	<http://purl.obolibrary.org/obo/BFO_0000040>
<http://purl.org/ontology/bibo/Hearing>	<http://www.w3.org/2000/01/rdf-schema#subClassOf>	<http://purl.org/NET/c4dm/event.owl#Event>
<http://purl.obolibrary.org/obo/OBI_0001554>	<http://www.w3.org/2000/01/rdf-schema#subClassOf>	<http://purl.obolibrary.org/obo/IAO_0000032>
<http://purl.obolibrary.org/obo/ERO_0000395>	<http://www.w3.org/2000/01/rdf-schema#subClassOf>	<http://purl.obolibrary.org/obo/ERO_0001261>
<http://www.w3.org/2006/vcard/ns#Other>	<http://www.w3.org/2000/01/rdf-schema#subClassOf>	<http://www.w3.org/2006/vcard/ns#Gender>
<http://purl.obolibrary.org/obo/ERO_0000785>	<http://www.w3.org/2000/01/rdf-schema#subClassOf>	<http://purl.obolibrary.org/obo/ERO_0000783>
<http://purl.obolibrary.org/obo/ERO_0000396>	<http://www.w3.org/2000/01/rdf-schema#subClassOf>	<http://purl.obolibrary.org/obo/ERO_0000394>
<http://vivoweb.org/ontology/core#Museum>	<http://www.w3.org/2000/01/rdf-schema#subClassOf>	<http://xmlns.com/foaf/0.1/Organization>
<http://vivoweb.org/ontology/core#CurationProcess>	<http://www.w3.org/2000/01/rdf-schema#subClassOf>	<http://purl.obolibrary.org/obo/BFO_0000015>
<http://www.w3.org/2006/vcard/ns#None>	<http://www.w3.org/2000/01/rdf-schema#subClassOf>	<http://www.w3.org/2006/vcard/ns#Gender>
<http://purl.obolibrary.org/obo/ERO_0000224>	<http://www.w3.org/2000/01/rdf-schema#subClassOf>	<http://purl.obolibrary.org/obo/BFO_0000023>
<http://vivoweb.org/ontology/core#Publisher>	<http://www.w3.org/2000/01/rdf-schema#subClassOf>	<http://xmlns.com/foaf/0.1/Organization>
<http://purl.obolibrary.org/obo/ERO_0001260>	<http://www.w3.org/2000/01/rdf-schema#subClassOf>	<http://purl.obolibrary.org/obo/ERO_0001258>
<http://www.w3.org/2006/vcard/ns#Muse>	<http://www.w3.org/2000/01/rdf-schema#subClassOf>	<http://www.w3.org/2006/vcard/ns#RelatedType>
<http://vivoweb.org/ontology/core#ClinicalRole>	<http://www.w3.org/2000/01/rdf-schema#subClassOf>	<http://purl.obolibrary.org/obo/BFO_0000023>
<http://www.geneontology.org/formats/oboInOwl#SynonymType>	<http://www.w3.org/2000/01/rdf-schema#subClassOf>	<http://purl.obolibrary.org/obo/IAO_0000102>
<http://www.w3.org/2006/vcard/ns#Female>	<http://www.w3.org/2000/01/rdf-schema#subClassOf>	<http://www.w3.org/2006/vcard/ns#Gender>
<http://aims.fao.org/aos/geopolitical.owl#geographical_region>	<http://www.w3.org/2000/01/rdf-schema#subClassOf>	<http://vivoweb.org/ontology/core#GeographicRegion>
<http://purl.obolibrary.org/obo/BFO_0000019>	<http://www.w3.org/2000/01/rdf-schema#subClassOf>	<http://purl.obolibrary.org/obo/BFO_0000020>
<http://purl.obolibrary.org/obo/ERO_0000012>	<http://www.w3.org/2000/01/rdf-schema#subClassOf>	<http://purl.obolibrary.org/obo/BFO_0000023>
<http://vivoweb.org/ontology/core#EducationalProcess>	<http://www.w3.org/2000/01/rdf-schema#subClassOf>	<http://purl.obolibrary.org/obo/BFO_0000015>
<http://www.w3.org/2006/vcard/ns#Emergency>	<http://www.w3.org/2000/01/rdf-schema#subClassOf>	<http://www.w3.org/2006/vcard/ns#RelatedType>
<http://www.w3.org/2006/vcard/ns#Language>	<http://www.w3.org/2000/01/rdf-schema#subClassOf>	<http://www.w3.org/2006/vcard/ns#Communication>
<http://purl.obolibrary.org/obo/IAO_0000005>	<http://www.w3.org/2000/01/rdf-schema#subClassOf>	<http://purl.obolibrary.org/obo/IAO_0000033>
<http://vivoweb.org/ontology/core#GraduateAdvisingRelationship>	<http://www.w3.org/2000/01/rdf-schema#subClassOf>	<http://vivoweb.org/ontology/core#AdvisingRelationship>
<http://aims.fao.org/aos/geopolitical.owl#special_group>	<http://www.w3.org/2000/01/rdf-schema#subClassOf>	<http://aims.fao.org/aos/geopolitical.owl#group>
<http://vivoweb.org/ontology/core#Catalog>	<http://www.w3.org/2000/01/rdf-schema#subClassOf>	<http://purl.org/ontology/bibo/Document>
<http://vivoweb.org/ontology/core#Dataset>	<http://www.w3.org/2000/01/rdf-schema#subClassOf>	<http://purl.org/ontology/bibo/Document>
<http://vivoweb.org/ontology/core#Library>	<http://www.w3.org/2000/01/rdf-schema#subClassOf>	<http://xmlns.com/foaf/0.1/Organization>
<http://vivoweb.org/ontology/core#DateTimeInterval>	<http://www.w3.org/2000/01/rdf-schema#subClassOf>	<http://purl.obolibrary.org/obo/BFO_0000038>
<http://www.w3.org/2006/vcard/ns#Text>	<http://www.w3.org/2000/01/rdf-schema#subClassOf>	<http://www.w3.org/2006/vcard/ns#TelephoneType>
<http://vivoweb.org/ontology/core#ServiceProvidingLaboratory>	<http://www.w3.org/2000/01/rdf-schema#subClassOf>	<http://vivoweb.org/ontology/core#Laboratory>
<http://vivoweb.org/ontology/core#Speech>	<http://www.w3.org/2000/01/rdf-schema#subClassOf>	<http://purl.org/ontology/bibo/Document>
<http://vivoweb.org/ontology/core#F1000Link>	<http://www.w3.org/2000/01/rdf-schema#subClassOf>	<http://www.w3.org/2006/vcard/ns#URL>
<http://www.w3.org/2006/vcard/ns#Unknown>	<http://www.w3.org/2000/01/rdf-schema#subClassOf>	<http://www.w3.org/2006/vcard/ns#Gender>
<http://vivoweb.org/ontology/core#StudentOrganization>	<http://www.w3.org/2000/01/rdf-schema#subClassOf>	<http://xmlns.com/foaf/0.1/Organization>
<http://vivoweb.org/ontology/core#NonAcademic>	<http://www.w3.org/2000/01/rdf-schema#subClassOf>	<http://xmlns.com/foaf/0.1/Person>
<http://vivoweb.org/ontology/scientific-research#Phase2ClinicalTrial>	<http://www.w3.org/2000/01/rdf-schema#subClassOf>	<http://purl.obolibrary.org/obo/ERO_0000016>
<http://purl.obolibrary.org/obo/IAO_0000104>	<http://www.w3.org/2000/01/rdf-schema#subClassOf>	<http://purl.obolibrary.org/obo/IAO_0000033>
<http://vivoweb.org/ontology/core#Translation>	<http://www.w3.org/2000/01/rdf-schema#subClassOf>	<http://purl.org/ontology/bibo/Document>
<http://www.w3.org/2006/vcard/ns#Date>	<http://www.w3.org/2000/01/rdf-schema#subClassOf>	<http://www.w3.org/2006/vcard/ns#RelatedType>
<http://purl.org/ontology/bibo/Chapter>	<http://www.w3.org/2000/01/rdf-schema#subClassOf>	<http://purl.org/ontology/bibo/BookSection>
<http://purl.obolibrary.org/obo/BFO_0000023>	<http://www.w3.org/2000/01/rdf-schema#subClassOf>	<http://purl.obolibrary.org/obo/BFO_0000017>
<http://purl.org/ontology/bibo/Excerpt>	<http://www.w3.org/2000/01/rdf-schema#subClassOf>	<http://purl.org/ontology/bibo/DocumentPart>
<http://vivoweb.org/ontology/core#Team>	<http://www.w3.org/2000/01/rdf-schema#subClassOf>	<http://xmlns.com/foaf/0.1/Group>
<http://vivoweb.org/ontology/core#FundingOrganization>	<http://www.w3.org/2000/01/rdf-schema#subClassOf>	<http://xmlns.com/foaf/0.1/Organization>
<http://vivoweb.org/ontology/core#NewsRelease>	<http://www.w3.org/2000/01/rdf-schema#subClassOf>	<http://purl.org/ontology/bibo/Document>
<http://vivoweb.org/ontology/core#Center>	<http://www.w3.org/2000/01/rdf-schema#subClassOf>	<http://xmlns.com/foaf/0.1/Organization>
<http://purl.obolibrary.org/obo/ERO_0001257>	<http://www.w3.org/2000/01/rdf-schema#subClassOf>	<http://purl.obolibrary.org/obo/ERO_0000392>
<http://purl.obolibrary.org/obo/ERO_0000776>	<http://www.w3.org/2000/01/rdf-schema#subClassOf>	<http://purl.obolibrary.org/obo/BFO_0000023>
<http://vivoweb.org/ontology/core#AdviseeRole>	<http://www.w3.org/2000/01/rdf-schema#subClassOf>	<http://purl.obolibrary.org/obo/BFO_0000023>
<http://purl.org/ontology/bibo/Journal>	<http://www.w3.org/2000/01/rdf-schema#subClassOf>	<http://purl.org/ontology/bibo/Periodical>
<http://vivoweb.org/ontology/core#LibrarianPosition>	<http://www.w3.org/2000/01/rdf-schema#subClassOf>	<http://vivoweb.org/ontology/core#Position>
<http://purl.obolibrary.org/obo/ARG_2000010>	<http://www.w3.org/2000/01/rdf-schema#subClassOf>	<http://purl.obolibrary.org/obo/OBI_0000011>
<http://xmlns.com/foaf/0.1/Organization>	<http://www.w3.org/2000/01/rdf-schema#subClassOf>	<http://xmlns.com/foaf/0.1/Agent>
<http://vivoweb.org/ontology/core#NonAcademicPosition>	<http://www.w3.org/2000/01/rdf-schema#subClassOf>	<http://vivoweb.org/ontology/core#Position>
<http://www.w3.org/2006/vcard/ns#Individual>	<http://www.w3.org/2000/01/rdf-schema#subClassOf>	<http://www.w3.org/2006/vcard/ns#Kind>
<http://purl.obolibrary.org/obo/ERO_0001258>	<http://www.w3.org/2000/01/rdf-schema#subClassOf>	<http://purl.obolibrary.org/obo/ERO_0000005>
<http://purl.org/ontology/bibo/Proceedings>	<http://www.w3.org/2000/01/rdf-schema#subClassOf>	<http://purl.org/ontology/bibo/Book>
<http://purl.obolibrary.org/obo/IAO_0000013>	<http://www.w3.org/2000/01/rdf-schema#subClassOf>	<http://purl.org/ontology/bibo/AcademicArticle>
<http://vivoweb.org/ontology/core#Video>	<http://www.w3.org/2000/01/rdf-schema#subClassOf>	<http://purl.org/ontology/bibo/AudioVisualDocument>
<http://vivoweb.org/ontology/core#Institute>	<http://www.w3.org/2000/01/rdf-schema#subClassOf>	<http://xmlns.com/foaf/0.1/Organization>
<http://www.w3.org/2006/vcard/ns#CalendarBusy>	<http://www.w3.org/2000/01/rdf-schema#subClassOf>	<http://www.w3.org/2006/vcard/ns#Calendar>
<http://vivoweb.org/ontology/core#Abstract>	<http://www.w3.org/2000/01/rdf-schema#subClassOf>	<http://purl.org/ontology/bibo/Document>
<http://vivoweb.org/ontology/core#Program>	<http://www.w3.org/2000/01/rdf-schema#subClassOf>	<http://xmlns.com/foaf/0.1/Organization>
<http://www.w3.org/2006/vcard/ns#Child>	<http://www.w3.org/2000/01/rdf-schema#subClassOf>	<http://www.w3.org/2006/vcard/ns#RelatedType>
<http://vivoweb.org/ontology/core#PopulatedPlace>	<http://www.w3.org/2000/01/rdf-schema#subClassOf>	<http://vivoweb.org/ontology/core#GeopoliticalEntity>
<http://vivoweb.org/ontology/core#FacultyMember>	<http://www.w3.org/2000/01/rdf-schema#subClassOf>	<http://xmlns.com/foaf/0.1/Person>
<http://vivoweb.org/ontology/core#Consortium>	<http://www.w3.org/2000/01/rdf-schema#subClassOf>	<http://xmlns.com/foaf/0.1/Organization>
<http://purl.org/ontology/bibo/Slide>	<http://www.w3.org/2000/01/rdf-schema#subClassOf>	<http://purl.org/ontology/bibo/DocumentPart>
<http://vivoweb.org/ontology/core#InvitedTalk>	<http://www.w3.org/2000/01/rdf-schema#subClassOf>	<http://vivoweb.org/ontology/core#Presentation>
<http://vivoweb.org/ontology/core#Building>	<http://www.w3.org/2000/01/rdf-schema#subClassOf>	<http://vivoweb.org/ontology/core#Facility>
<http://purl.obolibrary.org/obo/ERO_0000014>	<http://www.w3.org/2000/01/rdf-schema#subClassOf>	<http://purl.obolibrary.org/obo/OBI_0000011>
<http://www.geneontology.org/formats/oboInOwl#Definition>	<http://www.w3.org/2000/01/rdf-schema#subClassOf>	<http://purl.obolibrary.org/obo/IAO_0000102>
<http://www.w3.org/2006/vcard/ns#Spouse>	<http://www.w3.org/2000/01/rdf-schema#subClassOf>	<http://www.w3.org/2006/vcard/ns#RelatedType>
<http://vivoweb.org/ontology/core#College>	<http://www.w3.org/2000/01/rdf-schema#subClassOf>	<http://xmlns.com/foaf/0.1/Organization>
<http://purl.obolibrary.org/obo/IAO_0000033>	<http://www.w3.org/2000/01/rdf-schema#subClassOf>	<http://purl.obolibrary.org/obo/IAO_0000030>
<http://purl.obolibrary.org/obo/OBI_0500000>	<http://www.w3.org/2000/01/rdf-schema#subClassOf>	<http://purl.obolibrary.org/obo/IAO_0000104>
<http://purl.org/ontology/bibo/Film>	<http://www.w3.org/2000/01/rdf-schema#subClassOf>	<http://purl.org/ontology/bibo/AudioVisualDocument>
<http://www.w3.org/2006/vcard/ns#Neighbor>	<http://www.w3.org/2000/01/rdf-schema#subClassOf>	<http://www.w3.org/2006/vcard/ns#RelatedType>
<http://purl.org/NET/c4dm/event.owl#Event>	<http://www.w3.org/2000/01/rdf-schema#subClassOf>	<http://purl.obolibrary.org/obo/BFO_0000015>
<http://purl.obolibrary.org/obo/ERO_0000787>	<http://www.w3.org/2000/01/rdf-schema#subClassOf>	<http://purl.obolibrary.org/obo/BFO_0000023>
<http://vivoweb.org/ontology/core#SeminarSeries>	<http://www.w3.org/2000/01/rdf-schema#subClassOf>	<http://vivoweb.org/ontology/core#EventSeries>
<http://vivoweb.org/ontology/core#CaseStudy>	<http://www.w3.org/2000/01/rdf-schema#subClassOf>	<http://purl.org/ontology/bibo/Document>
<http://purl.obolibrary.org/obo/BFO_0000006>	<http://www.w3.org/2000/01/rdf-schema#subClassOf>	<http://purl.obolibrary.org/obo/BFO_0000141>
<http://vivoweb.org/ontology/core#TeacherRole>	<http://www.w3.org/2000/01/rdf-schema#subClassOf>	<http://purl.obolibrary.org/obo/BFO_0000023>
<http://vivoweb.org/ontology/core#WorkingPaper>	<http://www.w3.org/2000/01/rdf-schema#subClassOf>	<http://purl.org/ontology/bibo/Document>
<http://vivoweb.org/ontology/core#AcademicYear>	<http://www.w3.org/2000/01/rdf-schema#subClassOf>	<http://vivoweb.org/ontology/core#DateTimeInterval>
<http://purl.obolibrary.org/obo/ERO_0000006>	<http://www.w3.org/2000/01/rdf-schema#subClassOf>	<http://purl.obolibrary.org/obo/BFO_0000040>
<http://purl.obolibrary.org/obo/ERO_0000565>	<http://www.w3.org/2000/01/rdf-schema#subClassOf>	<http://xmlns.com/foaf/0.1/Organization>
<http://purl.obolibrary.org/obo/BFO_0000141>	<http://www.w3.org/2000/01/rdf-schema#subClassOf>	<http://purl.obolibrary.org/obo/BFO_0000004>
<http://purl.obolibrary.org/obo/ARG_2000022>	<http://www.w3.org/2000/01/rdf-schema#subClassOf>	<http://purl.obolibrary.org/obo/BFO_0000019>
<http://purl.obolibrary.org/obo/ERO_0000788>	<http://www.w3.org/2000/01/rdf-schema#subClassOf>	<http://purl.obolibrary.org/obo/ERO_0000787>
<http://purl.obolibrary.org/obo/ERO_0000225>	<http://www.w3.org/2000/01/rdf-schema#subClassOf>	<http://purl.obolibrary.org/obo/BFO_0000023>
<http://vivoweb.org/ontology/core#Librarian>	<http://www.w3.org/2000/01/rdf-schema#subClassOf>	<http://xmlns.com/foaf/0.1/Person>
<http://purl.org/ontology/bibo/Collection>	<http://www.w3.org/2000/01/rdf-schema#subClassOf>	<http://purl.obolibrary.org/obo/IAO_0000030>
<http://vivoweb.org/ontology/core#PostdocOrFellowAdvisingRelationship>	<http://www.w3.org/2000/01/rdf-schema#subClassOf>	<http://vivoweb.org/ontology/core#AdvisingRelationship>
<http://purl.obolibrary.org/obo/BFO_0000004>	<http://www.w3.org/2000/01/rdf-schema#subClassOf>	<http://purl.obolibrary.org/obo/BFO_0000002>
<http://purl.org/net/OCRe/study_design.owl#Phase_4>	<http://www.w3.org/2000/01/rdf-schema#subClassOf>	<http://purl.org/net/OCRe/study_design.owl#OCRE100038>
<http://vivoweb.org/ontology/core#PeerReviewerRole>	<http://www.w3.org/2000/01/rdf-schema#subClassOf>	<http://vivoweb.org/ontology/core#ReviewerRole>
<http://vivoweb.org/ontology/core#EmeritusFaculty>	<http://www.w3.org/2000/01/rdf-schema#subClassOf>	<http://xmlns.com/foaf/0.1/Person>
<http://purl.obolibrary.org/obo/IAO_0000003>	<http://www.w3.org/2000/01/rdf-schema#subClassOf>	<http://purl.obolibrary.org/obo/IAO_0000009>
<http://purl.obolibrary.org/obo/ERO_0000015>	<http://www.w3.org/2000/01/rdf-schema#subClassOf>	<http://purl.obolibrary.org/obo/ERO_0000014>
<http://vivoweb.org/ontology/core#Laboratory>	<http://www.w3.org/2000/01/rdf-schema#subClassOf>	<http://xmlns.com/foaf/0.1/Organization>
<http://vivoweb.org/ontology/core#AdvisingRelationship>	<http://www.w3.org/2000/01/rdf-schema#subClassOf>	<http://vivoweb.org/ontology/core#Relationship>
<http://purl.obolibrary.org/obo/ERO_0000783>	<http://www.w3.org/2000/01/rdf-schema#subClassOf>	<http://purl.obolibrary.org/obo/BFO_0000023>
<http://vivoweb.org/ontology/core#SubnationalRegion>	<http://www.w3.org/2000/01/rdf-schema#subClassOf>	<http://vivoweb.org/ontology/core#GeographicRegion>
<http://purl.org/ontology/bibo/Report>	<http://www.w3.org/2000/01/rdf-schema#subClassOf>	<http://purl.org/ontology/bibo/Document>
<http://purl.org/ontology/bibo/LegalDocument>	<http://www.w3.org/2000/01/rdf-schema#subClassOf>	<http://purl.org/ontology/bibo/Document>
<http://vivoweb.org/ontology/core#School>	<http://www.w3.org/2000/01/rdf-schema#subClassOf>	<http://xmlns.com/foaf/0.1/Organization>
<http://purl.org/ontology/bibo/Patent>	<http://www.w3.org/2000/01/rdf-schema#subClassOf>	<http://purl.org/ontology/bibo/Document>
<http://purl.obolibrary.org/obo/IAO_0000300>	<http://www.w3.org/2000/01/rdf-schema#subClassOf>	<http://purl.obolibrary.org/obo/IAO_0000030>
<http://www.w3.org/2006/vcard/ns#Nickname>	<http://www.w3.org/2000/01/rdf-schema#subClassOf>	<http://www.w3.org/2006/vcard/ns#Identification>
<http://purl.org/ontology/bibo/ThesisDegree>	<http://www.w3.org/2000/01/rdf-schema#subClassOf>	<http://vivoweb.org/ontology/core#AcademicDegree>
<http://www.w3.org/2006/vcard/ns#Type>	<http://www.w3.org/2000/01/rdf-schema#subClassOf>	<http://www.w3.org/2006/vcard/ns#Code>
<http://purl.org/spar/c4o/BibliographicInformationSource>	<http://www.w3.org/2000/01/rdf-schema#subClassOf>	<http://purl.obolibrary.org/obo/ERO_0001716>
<http://www.w3.org/2006/vcard/ns#Sweetheart>	<http://www.w3.org/2000/01/rdf-schema#subClassOf>	<http://www.w3.org/2006/vcard/ns#RelatedType>
<http://vivoweb.org/ontology/scientific-research#Phase3ClinicalTrial>	<http://www.w3.org/2000/01/rdf-schema#subClassOf>	<http://purl.obolibrary.org/obo/ERO_0000016>
<http://purl.obolibrary.org/obo/BFO_0000038>	<http://www.w3.org/2000/01/rdf-schema#subClassOf>	<http://purl.obolibrary.org/obo/BFO_0000008>
<http://aims.fao.org/aos/geopolitical.owl#self_governing>	<http://www.w3.org/2000/01/rdf-schema#subClassOf>	<http://aims.fao.org/aos/geopolitical.owl#territory>
<http://vivoweb.org/ontology/core#GeographicRegion>	<http://www.w3.org/2000/01/rdf-schema#subClassOf>	<http://vivoweb.org/ontology/core#GeographicLocation>
<http://www.w3.org/2006/vcard/ns#Kind>	<http://www.w3.org/2000/01/rdf-schema#subClassOf>	<http://purl.obolibrary.org/obo/ARG_2000379>
<http://www.w3.org/2006/vcard/ns#Name>	<http://www.w3.org/2000/01/rdf-schema#subClassOf>	<http://www.w3.org/2006/vcard/ns#Identification>
<http://vivoweb.org/ontology/core#Project>	<http://www.w3.org/2000/01/rdf-schema#subClassOf>	<http://purl.obolibrary.org/obo/BFO_0000015>
<http://vivoweb.org/ontology/core#PostdocPosition>	<http://www.w3.org/2000/01/rdf-schema#subClassOf>	<http://vivoweb.org/ontology/core#NonFacultyAcademicPosition>
<http://purl.obolibrary.org/obo/ARG_2000379>	<http://www.w3.org/2000/01/rdf-schema#subClassOf>	<http://purl.obolibrary.org/obo/IAO_0000030>
<http://vivoweb.org/ontology/core#MemberRole>	<http://www.w3.org/2000/01/rdf-schema#subClassOf>	<http://purl.obolibrary.org/obo/BFO_0000023>
<http://vivoweb.org/ontology/core#FacultyPosition>	<http://www.w3.org/2000/01/rdf-schema#subClassOf>	<http://vivoweb.org/ontology/core#Position>
<http://purl.obolibrary.org/obo/IAO_0000102>	<http://www.w3.org/2000/01/rdf-schema#subClassOf>	<http://purl.obolibrary.org/obo/IAO_0000027>
<http://purl.org/ontology/bibo/CourtReporter>	<http://www.w3.org/2000/01/rdf-schema#subClassOf>	<http://purl.org/ontology/bibo/Periodical>
<http://vivoweb.org/ontology/scientific-research#Phase0ClinicalTrial>	<http://www.w3.org/2000/01/rdf-schema#subClassOf>	<http://purl.obolibrary.org/obo/ERO_0000016>
<http://vivoweb.org/ontology/core#PrincipalInvestigatorRole>	<http://www.w3.org/2000/01/rdf-schema#subClassOf>	<http://vivoweb.org/ontology/core#InvestigatorRole>
<http://www.w3.org/2006/vcard/ns#Friend>	<http://www.w3.org/2000/01/rdf-schema#subClassOf>	<http://www.w3.org/2006/vcard/ns#RelatedType>
<http://vivoweb.org/ontology/core#ResearchProposal>	<http://www.w3.org/2000/01/rdf-schema#subClassOf>	<http://purl.org/ontology/bibo/Document>
<http://vivoweb.org/ontology/core#FacultyAdministrativePosition>	<http://www.w3.org/2000/01/rdf-schema#subClassOf>	<http://vivoweb.org/ontology/core#Position>
<http://vivoweb.org/ontology/core#Student>	<http://www.w3.org/2000/01/rdf-schema#subClassOf>	<http://xmlns.com/foaf/0.1/Person>
<http://purl.org/ontology/bibo/Workshop>	<http://www.w3.org/2000/01/rdf-schema#subClassOf>	<http://purl.org/NET/c4dm/event.owl#Event>
<http://purl.org/ontology/bibo/Article>	<http://www.w3.org/2000/01/rdf-schema#subClassOf>	<http://purl.org/ontology/bibo/Document>
<http://purl.obolibrary.org/obo/BFO_0000020>	<http://www.w3.org/2000/01/rdf-schema#subClassOf>	<http://purl.obolibrary.org/obo/BFO_0000002>
<http://purl.obolibrary.org/obo/PATO_0000001>	<http://www.w3.org/2000/01/rdf-schema#subClassOf>	<http://purl.obolibrary.org/obo/BFO_0000020>
<http://vivoweb.org/ontology/core#EmeritusProfessor>	<http://www.w3.org/2000/01/rdf-schema#subClassOf>	<http://vivoweb.org/ontology/core#EmeritusFaculty>
<http://vivoweb.org/ontology/core#Association>	<http://www.w3.org/2000/01/rdf-schema#subClassOf>	<http://xmlns.com/foaf/0.1/Organization>
<http://vivoweb.org/ontology/core#EmeritusProfessor>	<http://www.w3.org/2000/01/rdf-schema#subClassOf>	<http://xmlns.com/foaf/0.1/Person>
<http://www.w3.org/2006/vcard/ns#Coworker>	<http://www.w3.org/2000/01/rdf-schema#subClassOf>	<http://www.w3.org/2006/vcard/ns#RelatedType>
<http://vivoweb.org/ontology/core#AttendingProcess>	<http://www.w3.org/2000/01/rdf-schema#subClassOf>	<http://purl.obolibrary.org/obo/BFO_0000015>
<http://purl.obolibrary.org/obo/ERO_0000777>	<http://www.w3.org/2000/01/rdf-schema#subClassOf>	<http://purl.obolibrary.org/obo/ERO_0000776>
<http://vivoweb.org/ontology/core#ConferenceSeries>	<http://www.w3.org/2000/01/rdf-schema#subClassOf>	<http://vivoweb.org/ontology/core#EventSeries>
<http://purl.obolibrary.org/obo/ERO_0000005>	<http://www.w3.org/2000/01/rdf-schema#subClassOf>	<http://purl.obolibrary.org/obo/IAO_0000030>
<http://vivoweb.org/ontology/core#PrimaryPosition>	<http://www.w3.org/2000/01/rdf-schema#subClassOf>	<http://vivoweb.org/ontology/core#Position>
<http://www.w3.org/2006/vcard/ns#Note>	<http://www.w3.org/2000/01/rdf-schema#subClassOf>	<http://www.w3.org/2006/vcard/ns#Explanatory>
<http://vivoweb.org/ontology/core#GraduateStudent>	<http://www.w3.org/2000/01/rdf-schema#subClassOf>	<http://vivoweb.org/ontology/core#Student>
<http://purl.obolibrary.org/obo/ERO_0000391>	<http://www.w3.org/2000/01/rdf-schema#subClassOf>	<http://purl.obolibrary.org/obo/ERO_0000005>
<http://www.geneontology.org/formats/oboInOwl#DbXref>	<http://www.w3.org/2000/01/rdf-schema#subClassOf>	<http://purl.obolibrary.org/obo/IAO_0000102>
<http://purl.obolibrary.org/obo/IAO_0000027>	<http://www.w3.org/2000/01/rdf-schema#subClassOf>	<http://purl.obolibrary.org/obo/IAO_0000030>
<http://vivoweb.org/ontology/core#Location>	<http://www.w3.org/2000/01/rdf-schema#subClassOf>	<http://purl.obolibrary.org/obo/BFO_0000006>
<http://purl.obolibrary.org/obo/ERO_0001245>	<http://www.w3.org/2000/01/rdf-schema#subClassOf>	<http://purl.obolibrary.org/obo/OBI_0000011>
<http://purl.obolibrary.org/obo/BFO_0000016>	<http://www.w3.org/2000/01/rdf-schema#subClassOf>	<http://purl.obolibrary.org/obo/BFO_0000017>
<http://purl.org/ontology/bibo/Quote>	<http://www.w3.org/2000/01/rdf-schema#subClassOf>	<http://purl.org/ontology/bibo/Excerpt>
<http://vivoweb.org/ontology/core#County>	<http://www.w3.org/2000/01/rdf-schema#subClassOf>	<http://vivoweb.org/ontology/core#GeopoliticalEntity>
<http://purl.org/spar/c4o/GlobalCitationCount>	<http://www.w3.org/2000/01/rdf-schema#subClassOf>	<http://purl.obolibrary.org/obo/IAO_0000032>
<http://vivoweb.org/ontology/core#Room>	<http://www.w3.org/2000/01/rdf-schema#subClassOf>	<http://vivoweb.org/ontology/core#Facility>
<http://vivoweb.org/ontology/core#Division>	<http://www.w3.org/2000/01/rdf-schema#subClassOf>	<http://xmlns.com/foaf/0.1/Organization>
<http://vivoweb.org/ontology/core#GovernmentAgency>	<http://www.w3.org/2000/01/rdf-schema#subClassOf>	<http://xmlns.com/foaf/0.1/Organization>
<http://vivoweb.org/ontology/scientific-research#Phase1ClinicalTrial>	<http://www.w3.org/2000/01/rdf-schema#subClassOf>	<http://purl.obolibrary.org/obo/ERO_0000016>
<http://vivoweb.org/ontology/core#AdvisingProcess>	<http://www.w3.org/2000/01/rdf-schema#subClassOf>	<http://purl.obolibrary.org/obo/BFO_0000015>
<http://aims.fao.org/aos/geopolitical.owl#group>	<http://www.w3.org/2000/01/rdf-schema#subClassOf>	<http://aims.fao.org/aos/geopolitical.owl#area>
<http://purl.obolibrary.org/obo/BFO_0000031>	<http://www.w3.org/2000/01/rdf-schema#subClassOf>	<http://purl.obolibrary.org/obo/BFO_0000002>
<http://purl.org/ontology/bibo/Bill>	<http://www.w3.org/2000/01/rdf-schema#subClassOf>	<http://purl.org/ontology/bibo/Legislation>
<http://vivoweb.org/ontology/core#ReviewerRole>	<http://www.w3.org/2000/01/rdf-schema#subClassOf>	<http://purl.obolibrary.org/obo/BFO_0000023>
<http://www.geneontology.org/formats/oboInOwl#Synonym>	<http://www.w3.org/2000/01/rdf-schema#subClassOf>	<http://purl.obolibrary.org/obo/IAO_0000102>
<http://purl.org/net/OCRe/study_design.owl#OCRE100038>	<http://www.w3.org/2000/01/rdf-schema#subClassOf>	<http://purl.obolibrary.org/obo/BFO_0000015>
<http://www.w3.org/2006/vcard/ns#Group>	<http://www.w3.org/2000/01/rdf-schema#subClassOf>	<http://www.w3.org/2006/vcard/ns#Kind>
<http://vivoweb.org/ontology/core#ResearchOrganization>	<http://www.w3.org/2000/01/rdf-schema#subClassOf>	<http://xmlns.com/foaf/0.1/Organization>
<http://vivoweb.org/ontology/core#InvestigatorRole>	<http://www.w3.org/2000/01/rdf-schema#subClassOf>	<http://vivoweb.org/ontology/core#ResearcherRole>
<http://vivoweb.org/ontology/core#PostdoctoralTraining>	<http://www.w3.org/2000/01/rdf-schema#subClassOf>	<http://vivoweb.org/ontology/core#EducationalProcess>
<http://www.w3.org/2006/vcard/ns#Photo>	<http://www.w3.org/2000/01/rdf-schema#subClassOf>	<http://www.w3.org/2006/vcard/ns#Identification>
<http://purl.obolibrary.org/obo/ERO_0000784>	<http://www.w3.org/2000/01/rdf-schema#subClassOf>	<http://purl.obolibrary.org/obo/ERO_0000783>
<http://purl.org/net/OCRe/study_design.owl#Phase_1>	<http://www.w3.org/2000/01/rdf-schema#subClassOf>	<http://purl.org/net/OCRe/study_design.owl#OCRE100038>
<http://vivoweb.org/ontology/core#EditorialArticle>	<http://www.w3.org/2000/01/rdf-schema#subClassOf>	<http://purl.org/ontology/bibo/Article>
<http://purl.obolibrary.org/obo/GO_0003674>	<http://www.w3.org/2000/01/rdf-schema#subClassOf>	<http://purl.obolibrary.org/obo/BFO_0000015>
<http://purl.obolibrary.org/obo/ERO_0000914>	<http://www.w3.org/2000/01/rdf-schema#subClassOf>	<http://purl.obolibrary.org/obo/ERO_0000783>
<http://vivoweb.org/ontology/core#ResearcherRole>	<http://www.w3.org/2000/01/rdf-schema#subClassOf>	<http://purl.obolibrary.org/obo/BFO_0000023>
<http://www.w3.org/2006/vcard/ns#Sibling>	<http://www.w3.org/2000/01/rdf-schema#subClassOf>	<http://www.w3.org/2006/vcard/ns#RelatedType>
<http://www.w3.org/2006/vcard/ns#CalendarRequest>	<http://www.w3.org/2000/01/rdf-schema#subClassOf>	<http://www.w3.org/2006/vcard/ns#Calendar>
<http://purl.obolibrary.org/obo/ERO_0000789>	<http://www.w3.org/2000/01/rdf-schema#subClassOf>	<http://purl.obolibrary.org/obo/ERO_0000787>
<http://aims.fao.org/aos/geopolitical.owl#economic_region>	<http://www.w3.org/2000/01/rdf-schema#subClassOf>	<http://aims.fao.org/aos/geopolitical.owl#group>
<http://vivoweb.org/ontology/core#DateTimeValue>	<http://www.w3.org/2000/01/rdf-schema#subClassOf>	<http://purl.obolibrary.org/obo/BFO_0000148>
<http://www.w3.org/2006/vcard/ns#Work>	<http://www.w3.org/2000/01/rdf-schema#subClassOf>	<http://www.w3.org/2006/vcard/ns#Type>
<http://aims.fao.org/aos/geopolitical.owl#territory>	<http://www.w3.org/2000/01/rdf-schema#subClassOf>	<http://aims.fao.org/aos/geopolitical.owl#area>
<http://vivoweb.org/ontology/core#CollectionProcess>	<http://www.w3.org/2000/01/rdf-schema#subClassOf>	<http://purl.obolibrary.org/obo/BFO_0000015>
<http://vivoweb.org/ontology/core#Position>	<http://www.w3.org/2000/01/rdf-schema#subClassOf>	<http://vivoweb.org/ontology/core#Relationship>
<http://vivoweb.org/ontology/core#NonFacultyAcademic>	<http://www.w3.org/2000/01/rdf-schema#subClassOf>	<http://xmlns.com/foaf/0.1/Person>
<http://vivoweb.org/ontology/core#UndergraduateStudent>	<http://www.w3.org/2000/01/rdf-schema#subClassOf>	<http://vivoweb.org/ontology/core#Student>
<http://purl.org/ontology/bibo/AudioVisualDocument>	<http://www.w3.org/2000/01/rdf-schema#subClassOf>	<http://purl.org/ontology/bibo/Document>
<http://vivoweb.org/ontology/core#AcademicTerm>	<http://www.w3.org/2000/01/rdf-schema#subClassOf>	<http://vivoweb.org/ontology/core#DateTimeInterval>
<http://purl.org/ontology/bibo/ReferenceSource>	<http://www.w3.org/2000/01/rdf-schema#subClassOf>	<http://purl.org/ontology/bibo/Document>
<http://purl.obolibrary.org/obo/BFO_0000015>	<http://www.w3.org/2000/01/rdf-schema#subClassOf>	<http://purl.obolibrary.org/obo/BFO_0000003>
<http://purl.org/ontology/bibo/Newspaper>	<http://www.w3.org/2000/01/rdf-schema#subClassOf>	<http://purl.org/ontology/bibo/Periodical>
<http://purl.obolibrary.org/obo/ERO_0000071>	<http://www.w3.org/2000/01/rdf-schema#subClassOf>	<http://purl.obolibrary.org/obo/IAO_0000030>
<http://vivoweb.org/ontology/core#NonFacultyAcademicPosition>	<http://www.w3.org/2000/01/rdf-schema#subClassOf>	<http://vivoweb.org/ontology/core#Position>
<http://vivoweb.org/ontology/core#PresenterRole>	<http://www.w3.org/2000/01/rdf-schema#subClassOf>	<http://purl.obolibrary.org/obo/BFO_0000023>
<http://purl.org/ontology/bibo/Note>	<http://www.w3.org/2000/01/rdf-schema#subClassOf>	<http://purl.org/ontology/bibo/Document>
<http://purl.org/ontology/bibo/Conference>	<http://www.w3.org/2000/01/rdf-schema#subClassOf>	<http://purl.org/NET/c4dm/event.owl#Event>
<http://purl.org/net/OCRe/study_design.owl#Single_group_study>	<http://www.w3.org/2000/01/rdf-schema#subClassOf>	<http://purl.org/net/OCRe/research.owl#Interventional_study>
<http://purl.obolibrary.org/obo/ERO_0001263>	<http://www.w3.org/2000/01/rdf-schema#subClassOf>	<http://purl.obolibrary.org/obo/ERO_0000394>
<http://purl.obolibrary.org/obo/ERO_0000595>	<http://www.w3.org/2000/01/rdf-schema#subClassOf>	<http://purl.obolibrary.org/obo/BFO_0000017>
<http://vivoweb.org/ontology/core#Foundation>	<http://www.w3.org/2000/01/rdf-schema#subClassOf>	<http://xmlns.com/foaf/0.1/Organization>
<http://vivoweb.org/ontology/core#PrivateCompany>	<http://www.w3.org/2000/01/rdf-schema#subClassOf>	<http://vivoweb.org/ontology/core#Company>
