?cls	?pred	?val	?synType
<http://vivoweb.org/ontology/core#AcademicYear>	<http://www.w3.org/2000/01/rdf-schema#label>	"Academic Year"@en	
<http://purl.org/ontology/bibo/LegalCaseDocument>	<http://www.w3.org/2000/01/rdf-schema#label>	"Legal Case Document"@en	
<http://purl.obolibrary.org/obo/ERO_0000595>	<http://www.w3.org/2000/01/rdf-schema#label>	"Research Opportunity"@en	
<http://www.w3.org/2006/vcard/ns#Type>	<http://www.w3.org/2000/01/rdf-schema#label>	"Type"@en	
<http://www.w3.org/2006/vcard/ns#Kin>	<http://www.w3.org/2000/01/rdf-schema#label>	"Kin"@en	
<http://purl.obolibrary.org/obo/ARG_2000011>	<http://www.w3.org/2000/01/rdf-schema#label>	"Expertise Measurement Process"@en	
<http://www.w3.org/2006/vcard/ns#Name>	<http://www.w3.org/2000/01/rdf-schema#label>	"Name"@en	
<http://vivoweb.org/ontology/core#University>	<http://www.w3.org/2000/01/rdf-schema#label>	"University"@en	
<http://purl.obolibrary.org/obo/OBI_0000272>	<http://www.w3.org/2000/01/rdf-schema#label>	"Protocol"@en	
<http://purl.obolibrary.org/obo/ERO_0001255>	<http://www.w3.org/2000/01/rdf-schema#label>	"Support Service"@en	
<http://www.w3.org/2006/vcard/ns#Address>	<http://www.w3.org/2000/01/rdf-schema#label>	"Address"@en	
<http://vivoweb.org/ontology/core#Authorship>	<http://www.w3.org/2000/01/rdf-schema#label>	"Authorship"@en	
<http://vivoweb.org/ontology/core#EmeritusLibrarian>	<http://www.w3.org/2000/01/rdf-schema#label>	"Librarian Emeritus"@en	
<http://vivoweb.org/ontology/core#FacultyMember>	<http://www.w3.org/2000/01/rdf-schema#label>	"Faculty Member"@en	
<http://vivoweb.org/ontology/core#Competition>	<http://www.w3.org/2000/01/rdf-schema#label>	"Competition"@en	
<http://purl.org/ontology/bibo/Document>	<http://www.w3.org/2000/01/rdf-schema#label>	"Document"@en	
<http://purl.obolibrary.org/obo/ERO_0001245>	<http://www.w3.org/2000/01/rdf-schema#label>	"Licensing"@en	
<http://purl.org/ontology/bibo/Patent>	<http://www.w3.org/2000/01/rdf-schema#label>	"Patent"@en	
<http://www.w3.org/2006/vcard/ns#Photo>	<http://www.w3.org/2000/01/rdf-schema#label>	"Photo"@en	
<http://www.w3.org/2006/vcard/ns#Group>	<http://www.w3.org/2000/01/rdf-schema#label>	"Group"@en	
<http://vivoweb.org/ontology/core#Publisher>	<http://www.w3.org/2000/01/rdf-schema#label>	"Publisher"@en	
<http://purl.obolibrary.org/obo/ERO_0000392>	<http://www.w3.org/2000/01/rdf-schema#label>	"Storage Service"@en	
<http://purl.obolibrary.org/obo/ARG_2000010>	<http://www.w3.org/2000/01/rdf-schema#label>	"Topic Weight Measurement Process"@en	
<http://www.w3.org/2006/vcard/ns#TextPhone>	<http://www.w3.org/2000/01/rdf-schema#label>	"Text Phone"@en	
<http://vivoweb.org/ontology/core#School>	<http://www.w3.org/2000/01/rdf-schema#label>	"School"@en	
<http://purl.org/ontology/bibo/Quote>	<http://www.w3.org/2000/01/rdf-schema#label>	"Quote"@en	
<http://vivoweb.org/ontology/core#ReviewerRole>	<http://www.w3.org/2000/01/rdf-schema#label>	"Reviewer Role"@en	
<http://purl.obolibrary.org/obo/ERO_0000565>	<http://www.w3.org/2000/01/rdf-schema#label>	"Technology Transfer Office"@en	
<http://www.w3.org/2006/vcard/ns#Voice>	<http://www.w3.org/2000/01/rdf-schema#label>	"Voice"@en	
<http://purl.obolibrary.org/obo/IAO_0000007>	<http://www.w3.org/2000/01/rdf-schema#label>	"Action Specification"@en	
<http://purl.obolibrary.org/obo/VIVOTEST_0000000>	<http://www.w3.org/2000/01/rdf-schema#label>	"root node"@en	
<http://vivoweb.org/ontology/core#ClinicalRole>	<http://www.w3.org/2000/01/rdf-schema#label>	"Clinical Role"@en	
<http://xmlns.com/foaf/0.1/Agent>	<http://www.w3.org/2000/01/rdf-schema#label>	"Agent"@en	
<http://xmlns.com/foaf/0.1/Agent>	<http://www.w3.org/2000/01/rdf-schema#label>	"Agent"	
<http://vivoweb.org/ontology/core#EditorialArticle>	<http://www.w3.org/2000/01/rdf-schema#label>	"Editorial Article"@en	
<http://vivoweb.org/ontology/core#GeographicRegion>	<http://www.w3.org/2000/01/rdf-schema#label>	"Geographic Region"@en	
<http://vivoweb.org/ontology/core#EducationalProcess>	<http://www.w3.org/2000/01/rdf-schema#label>	"Educational Process"@en	
<http://purl.obolibrary.org/obo/ERO_0000020>	<http://www.w3.org/2000/01/rdf-schema#label>	"Biological Specimen"@en	
<http://purl.obolibrary.org/obo/ERO_0000779>	<http://www.w3.org/2000/01/rdf-schema#label>	"Permanent Resident Role"@en	
<http://purl.org/net/OCRe/study_design.owl#Phase_4>	<http://www.w3.org/2000/01/rdf-schema#label>	"Phase 4"@en	
<http://vivoweb.org/ontology/core#AdviseeRole>	<http://www.w3.org/2000/01/rdf-schema#label>	"Advisee Role"@en	
<http://vivoweb.org/ontology/core#WorkshopSeries>	<http://www.w3.org/2000/01/rdf-schema#label>	"Workshop Series"@en	
<http://vivoweb.org/ontology/core#Newsletter>	<http://www.w3.org/2000/01/rdf-schema#label>	"Newsletter"@en	
<http://purl.obolibrary.org/obo/ERO_0000225>	<http://www.w3.org/2000/01/rdf-schema#label>	"Educator Role"@en	
<http://vivoweb.org/ontology/core#Project>	<http://www.w3.org/2000/01/rdf-schema#label>	"Project"@en	
<http://vivoweb.org/ontology/core#GeopoliticalEntity>	<http://www.w3.org/2000/01/rdf-schema#label>	"Geopolitical Entity"@en	
<http://vivoweb.org/ontology/core#ServiceProvidingLaboratory>	<http://www.w3.org/2000/01/rdf-schema#label>	"Service Providing Lab"@en	
<http://purl.obolibrary.org/obo/IAO_0000033>	<http://www.w3.org/2000/01/rdf-schema#label>	"Directive Information Entity"@en	
<http://purl.obolibrary.org/obo/UO_0000280>	<http://www.w3.org/2000/01/rdf-schema#label>	"Rate Unit"@en	
<http://xmlns.com/foaf/0.1/Group>	<http://www.w3.org/2000/01/rdf-schema#label>	"Group"@en	
<http://www.w3.org/2006/vcard/ns#Gender>	<http://www.w3.org/2000/01/rdf-schema#label>	"Gender"@en	
<http://www.w3.org/2003/01/geo/wgs84_pos#SpatialThing>	<http://www.w3.org/2000/01/rdf-schema#label>	"Spatial Thing"	
<http://vivoweb.org/ontology/core#AdministratorRole>	<http://www.w3.org/2000/01/rdf-schema#label>	"Administrator Role"@en	
<http://vivoweb.org/ontology/core#OrganizerRole>	<http://www.w3.org/2000/01/rdf-schema#label>	"Organizer Role"@en	
<http://vivoweb.org/ontology/core#EventSeries>	<http://www.w3.org/2000/01/rdf-schema#label>	"Event Series"@en	
<http://www.w3.org/2006/vcard/ns#Telephone>	<http://www.w3.org/2000/01/rdf-schema#label>	"Telephone"@en	
<http://purl.obolibrary.org/obo/ERO_0000396>	<http://www.w3.org/2000/01/rdf-schema#label>	"Material Production Service"@en	
<http://www.w3.org/2006/vcard/ns#TimeZone>	<http://www.w3.org/2000/01/rdf-schema#label>	"Time Zone"@en	
<http://www.w3.org/2006/vcard/ns#Cell>	<http://www.w3.org/2000/01/rdf-schema#label>	"Cell"@en	
<http://purl.org/net/OCRe/study_design.owl#Phase_3>	<http://www.w3.org/2000/01/rdf-schema#label>	"Phase 3"@en	
<http://vivoweb.org/ontology/core#Blog>	<http://www.w3.org/2000/01/rdf-schema#label>	"Blog"@en	
<http://purl.obolibrary.org/obo/ERO_0001258>	<http://www.w3.org/2000/01/rdf-schema#label>	"Maintenance Service"@en	
<http://purl.org/ontology/bibo/Brief>	<http://www.w3.org/2000/01/rdf-schema#label>	"Brief"@en	
<http://vivoweb.org/ontology/core#Building>	<http://www.w3.org/2000/01/rdf-schema#label>	"Building"@en	
<http://vivoweb.org/ontology/core#CoPrincipalInvestigatorRole>	<http://www.w3.org/2000/01/rdf-schema#label>	"Co-Principal Investigator Role"@en	
<http://www.w3.org/2006/vcard/ns#RelatedType>	<http://www.w3.org/2000/01/rdf-schema#label>	"Relation Type"@en	
<http://vivoweb.org/ontology/core#Team>	<http://www.w3.org/2000/01/rdf-schema#label>	"Team"@en	
<http://purl.obolibrary.org/obo/IAO_0000104>	<http://www.w3.org/2000/01/rdf-schema#label>	"Plan Specification"@en	
<http://purl.obolibrary.org/obo/BFO_0000016>	<http://www.w3.org/2000/01/rdf-schema#label>	"disposition"@en	
<http://purl.obolibrary.org/obo/BFO_0000016>	<http://www.w3.org/2000/01/rdf-schema#label>	"Disposition"@en	
<http://aims.fao.org/aos/geopolitical.owl#disputed>	<http://www.w3.org/2000/01/rdf-schema#label>	"Disputed"@en	
<http://purl.org/ontology/bibo/Note>	<http://www.w3.org/2000/01/rdf-schema#label>	"Note"@en	
<http://vivoweb.org/ontology/core#College>	<http://www.w3.org/2000/01/rdf-schema#label>	"College"@en	
<http://purl.org/ontology/bibo/Newspaper>	<http://www.w3.org/2000/01/rdf-schema#label>	"Newspaper"@en	
<http://vivoweb.org/ontology/core#Division>	<http://www.w3.org/2000/01/rdf-schema#label>	"Division"@en	
<http://vivoweb.org/ontology/core#SubnationalRegion>	<http://www.w3.org/2000/01/rdf-schema#label>	"Subnational Region"@en	
<http://www.w3.org/2006/vcard/ns#Date>	<http://www.w3.org/2000/01/rdf-schema#label>	"Date"@en	
<http://vivoweb.org/ontology/core#EditorRole>	<http://www.w3.org/2000/01/rdf-schema#label>	"Editor Role"@en	
<http://purl.obolibrary.org/obo/ERO_0000787>	<http://www.w3.org/2000/01/rdf-schema#label>	"Employee Role"@en	
<http://www.w3.org/2006/vcard/ns#Unknown>	<http://www.w3.org/2000/01/rdf-schema#label>	"Unknown"@en	
<http://purl.obolibrary.org/obo/IAO_0000003>	<http://www.w3.org/2000/01/rdf-schema#label>	"Measurement Unit Label"@en	
<http://www.w3.org/2006/vcard/ns#Geo>	<http://www.w3.org/2000/01/rdf-schema#label>	"Geo"@en	
<http://purl.obolibrary.org/obo/ARG_2000008>	<http://www.w3.org/2000/01/rdf-schema#label>	"Topic Weight Measurement"@en	
<http://purl.obolibrary.org/obo/BFO_0000148>	<http://www.w3.org/2000/01/rdf-schema#label>	"Zero-Dimensional Temporal Region"@en	
<http://vivoweb.org/ontology/core#MedicalResidency>	<http://www.w3.org/2000/01/rdf-schema#label>	"Medical Residency"@en	
<http://vivoweb.org/ontology/core#InvestigatorRole>	<http://www.w3.org/2000/01/rdf-schema#label>	"Investigator Role"@en	
<http://purl.org/net/OCRe/study_design.owl#OCRE100038>	<http://www.w3.org/2000/01/rdf-schema#label>	"Phase"@en	
<http://www.w3.org/2006/vcard/ns#Agent>	<http://www.w3.org/2000/01/rdf-schema#label>	"Agent"@en	
<http://purl.obolibrary.org/obo/ARG_2000379>	<http://www.w3.org/2000/01/rdf-schema#label>	"Contact"@en	
<http://vivoweb.org/ontology/core#ExtensionUnit>	<http://www.w3.org/2000/01/rdf-schema#label>	"Extension Unit"@en	
<http://purl.org/spar/fabio/Comment>	<http://www.w3.org/2000/01/rdf-schema#label>	"Comment"@en	
<http://vivoweb.org/ontology/core#Video>	<http://www.w3.org/2000/01/rdf-schema#label>	"Video"@en	
<http://vivoweb.org/ontology/core#NonAcademic>	<http://www.w3.org/2000/01/rdf-schema#label>	"Non-Academic"@en	
<http://purl.org/ontology/bibo/Bill>	<http://www.w3.org/2000/01/rdf-schema#label>	"Bill"@en	
<http://vivoweb.org/ontology/core#Continent>	<http://www.w3.org/2000/01/rdf-schema#label>	"Continent"@en	
<http://vivoweb.org/ontology/core#ClinicalOrganization>	<http://www.w3.org/2000/01/rdf-schema#label>	"Clinical Organization"@en	
<http://vivoweb.org/ontology/core#Committee>	<http://www.w3.org/2000/01/rdf-schema#label>	"Committee"@en	
<http://purl.org/spar/c4o/GlobalCitationCount>	<http://www.w3.org/2000/01/rdf-schema#label>	"Global Citation Count"@en	
<http://purl.obolibrary.org/obo/BFO_0000015>	<http://www.w3.org/2000/01/rdf-schema#label>	"process"@en	
<http://purl.obolibrary.org/obo/BFO_0000015>	<http://www.w3.org/2000/01/rdf-schema#label>	"Process"@en	
<http://vivoweb.org/ontology/core#Meeting>	<http://www.w3.org/2000/01/rdf-schema#label>	"Meeting"@en	
<http://vivoweb.org/ontology/core#StateOrProvince>	<http://www.w3.org/2000/01/rdf-schema#label>	"State or Province"@en	
<http://vivoweb.org/ontology/core#Certification>	<http://www.w3.org/2000/01/rdf-schema#label>	"Certification"@en	
<http://purl.obolibrary.org/obo/ERO_0000016>	<http://www.w3.org/2000/01/rdf-schema#label>	"Clinical Trial"@en	
<http://vivoweb.org/ontology/core#Library>	<http://www.w3.org/2000/01/rdf-schema#label>	"Library"@en	
<http://vivoweb.org/ontology/scientific-research#Phase3ClinicalTrial>	<http://www.w3.org/2000/01/rdf-schema#label>	"Phase 3 Clinical Trial"@en	
<http://purl.obolibrary.org/obo/IAO_0000144>	<http://www.w3.org/2000/01/rdf-schema#label>	"Conclusion Textual Entity"@en	
<http://purl.obolibrary.org/obo/ERO_0001716>	<http://www.w3.org/2000/01/rdf-schema#label>	"Database"@en	
<http://vivoweb.org/ontology/core#EmeritusProfessor>	<http://www.w3.org/2000/01/rdf-schema#label>	"Professor Emeritus"@en	
<http://vivoweb.org/ontology/core#DateTimeInterval>	<http://www.w3.org/2000/01/rdf-schema#label>	"Date/Time Interval"@en	
<http://www.w3.org/2006/vcard/ns#Female>	<http://www.w3.org/2000/01/rdf-schema#label>	"Female"@en	
<http://purl.org/ontology/bibo/DocumentStatus>	<http://www.w3.org/2000/01/rdf-schema#label>	"Document Status"@en	
<http://purl.org/ontology/bibo/LegalDocument>	<http://www.w3.org/2000/01/rdf-schema#label>	"Legal Document"@en	
<http://www.w3.org/2006/vcard/ns#CalendarRequest>	<http://www.w3.org/2000/01/rdf-schema#label>	"Calendar Request"@en	
<http://www.w3.org/2006/vcard/ns#Colleague>	<http://www.w3.org/2000/01/rdf-schema#label>	"Colleague"@en	
<http://purl.org/ontology/bibo/Report>	<http://www.w3.org/2000/01/rdf-schema#label>	"Report"@en	
<http://purl.obolibrary.org/obo/ERO_0000006>	<http://www.w3.org/2000/01/rdf-schema#label>	"Reagent"@en	
<http://vivoweb.org/ontology/core#NonFacultyAcademic>	<http://www.w3.org/2000/01/rdf-schema#label>	"Non-Faculty Academic"@en	
<http://purl.org/ontology/bibo/AcademicArticle>	<http://www.w3.org/2000/01/rdf-schema#label>	"Academic Article"@en	
<http://purl.org/ontology/bibo/AudioDocument>	<http://www.w3.org/2000/01/rdf-schema#label>	"Audio Document"@en	
<http://purl.obolibrary.org/obo/IAO_0000300>	<http://www.w3.org/2000/01/rdf-schema#label>	"Textual Entity"@en	
<http://purl.obolibrary.org/obo/ERO_0001263>	<http://www.w3.org/2000/01/rdf-schema#label>	"Material Modification Service"@en	
<http://purl.obolibrary.org/obo/ERO_0000776>	<http://www.w3.org/2000/01/rdf-schema#label>	"US Resident Role"@en	
<http://vivoweb.org/ontology/core#EmeritusFaculty>	<http://www.w3.org/2000/01/rdf-schema#label>	"Faculty Member Emeritus"@en	
<http://purl.obolibrary.org/obo/BFO_0000038>	<http://www.w3.org/2000/01/rdf-schema#label>	"One-Dimensional Temporal Region"@en	
<http://purl.org/net/OCRe/study_design.owl#Single_group_study>	<http://www.w3.org/2000/01/rdf-schema#label>	"Single Group Study"@en	
<http://vivoweb.org/ontology/core#CurationProcess>	<http://www.w3.org/2000/01/rdf-schema#label>	"Curation Process"@en	
<http://vivoweb.org/ontology/core#PrimaryPosition>	<http://www.w3.org/2000/01/rdf-schema#label>	"Primary Position"@en	
<http://purl.obolibrary.org/obo/IAO_0000030>	<http://www.w3.org/2000/01/rdf-schema#label>	"Information Content Entity"@en	
<http://vivoweb.org/ontology/core#AdvisingRelationship>	<http://www.w3.org/2000/01/rdf-schema#label>	"Advising Relationship"@en	
<http://purl.obolibrary.org/obo/GO_0016301>	<http://www.w3.org/2000/01/rdf-schema#label>	"kinase activity"	
<http://vivoweb.org/ontology/core#AttendingProcess>	<http://www.w3.org/2000/01/rdf-schema#label>	"Attending Process"@en	
<http://www.w3.org/2006/vcard/ns#Other>	<http://www.w3.org/2000/01/rdf-schema#label>	"Other"@en	
<http://purl.obolibrary.org/obo/IAO_0000109>	<http://www.w3.org/2000/01/rdf-schema#label>	"Measurement Datum"@en	
<http://www.w3.org/2006/vcard/ns#Neighbor>	<http://www.w3.org/2000/01/rdf-schema#label>	"Neighbor"@en	
<http://vivoweb.org/ontology/core#TeacherRole>	<http://www.w3.org/2000/01/rdf-schema#label>	"Teacher Role"@en	
<http://www.w3.org/2006/vcard/ns#Location>	<http://www.w3.org/2000/01/rdf-schema#label>	"Location"@en	
<http://www.w3.org/2006/vcard/ns#Identification>	<http://www.w3.org/2000/01/rdf-schema#label>	"Identification"@en	
<http://purl.obolibrary.org/obo/ERO_0000005>	<http://www.w3.org/2000/01/rdf-schema#label>	"Service"@en	
<http://purl.org/ontology/bibo/Chapter>	<http://www.w3.org/2000/01/rdf-schema#label>	"Chapter"@en	
<http://vivoweb.org/ontology/core#AttendeeRole>	<http://www.w3.org/2000/01/rdf-schema#label>	"Attendee Role"@en	
<http://vivoweb.org/ontology/core#Dataset>	<http://www.w3.org/2000/01/rdf-schema#label>	"Dataset"@en	
<http://www.w3.org/2006/vcard/ns#CalendarBusy>	<http://www.w3.org/2000/01/rdf-schema#label>	"Calendar Busy"@en	
<http://purl.obolibrary.org/obo/BFO_0000023>	<http://www.w3.org/2000/01/rdf-schema#label>	"Role"@en	
<http://purl.obolibrary.org/obo/BFO_0000023>	<http://www.w3.org/2000/01/rdf-schema#label>	"role"@en	
<http://vivoweb.org/ontology/core#Abstract>	<http://www.w3.org/2000/01/rdf-schema#label>	"Abstract"@en	
<http://www.w3.org/2006/vcard/ns#Language>	<http://www.w3.org/2000/01/rdf-schema#label>	"Language"@en	
<http://vivoweb.org/ontology/core#AwardReceipt>	<http://www.w3.org/2000/01/rdf-schema#label>	"Award or Honor Receipt"@en	
<http://purl.org/net/OCRe/study_design.owl#Phase_0>	<http://www.w3.org/2000/01/rdf-schema#label>	"Phase 0"@en	
<http://vivoweb.org/ontology/core#Country>	<http://www.w3.org/2000/01/rdf-schema#label>	"Country"@en	
<http://www.w3.org/2006/vcard/ns#Security>	<http://www.w3.org/2000/01/rdf-schema#label>	"Security"@en	
<http://www.w3.org/2006/vcard/ns#None>	<http://www.w3.org/2000/01/rdf-schema#label>	"None"@en	
<http://purl.obolibrary.org/obo/ERO_0000014>	<http://www.w3.org/2000/01/rdf-schema#label>	"Research Project"@en	
<http://vivoweb.org/ontology/core#CaseStudy>	<http://www.w3.org/2000/01/rdf-schema#label>	"Case Study"@en	
<http://vivoweb.org/ontology/core#Translation>	<http://www.w3.org/2000/01/rdf-schema#label>	"Translation"@en	
<http://aims.fao.org/aos/geopolitical.owl#economic_region>	<http://www.w3.org/2000/01/rdf-schema#label>	"Economic Region"@en	
<http://vivoweb.org/ontology/core#PresenterRole>	<http://www.w3.org/2000/01/rdf-schema#label>	"Presenter Role"@en	
<http://www.w3.org/2006/vcard/ns#Geographical>	<http://www.w3.org/2000/01/rdf-schema#label>	"Geographical"@en	
<http://purl.org/spar/fabio/Erratum>	<http://www.w3.org/2000/01/rdf-schema#label>	"Erratum"@en	
<http://purl.obolibrary.org/obo/ERO_0000784>	<http://www.w3.org/2000/01/rdf-schema#label>	"Undergraduate Student Role"@en	
<http://vivoweb.org/ontology/core#Internship>	<http://www.w3.org/2000/01/rdf-schema#label>	"Internship"@en	
<http://www.w3.org/2006/vcard/ns#Addressing>	<http://www.w3.org/2000/01/rdf-schema#label>	"Addressing"@en	
<http://purl.org/ontology/bibo/Letter>	<http://www.w3.org/2000/01/rdf-schema#label>	"Letter"@en	
<http://www.w3.org/2006/vcard/ns#Male>	<http://www.w3.org/2000/01/rdf-schema#label>	"Male"@en	
<http://vivoweb.org/ontology/core#UndergraduateAdvisingRelationship>	<http://www.w3.org/2000/01/rdf-schema#label>	"Undergraduate Advising Relationship"@en	
<http://www.w3.org/2006/vcard/ns#Parent>	<http://www.w3.org/2000/01/rdf-schema#label>	"Parent"@en	
<http://vivoweb.org/ontology/core#PeerReviewerRole>	<http://www.w3.org/2000/01/rdf-schema#label>	"Peer Reviewer Role"@en	
<http://purl.obolibrary.org/obo/ERO_0000394>	<http://www.w3.org/2000/01/rdf-schema#label>	"Material Processing Service"@en	
<http://purl.obolibrary.org/obo/OBI_0000011>	<http://www.w3.org/2000/01/rdf-schema#label>	"Planned Process"@en	
<http://purl.org/ontology/bibo/Excerpt>	<http://www.w3.org/2000/01/rdf-schema#label>	"Excerpt"@en	
<http://purl.obolibrary.org/obo/ERO_0000071>	<http://www.w3.org/2000/01/rdf-schema#label>	"Software"@en	
<http://vivoweb.org/ontology/core#GovernmentAgency>	<http://www.w3.org/2000/01/rdf-schema#label>	"Government Agency"@en	
<http://www.w3.org/2006/vcard/ns#Sweetheart>	<http://www.w3.org/2000/01/rdf-schema#label>	"Sweetheart"@en	
<http://vivoweb.org/ontology/core#Relationship>	<http://www.w3.org/2000/01/rdf-schema#label>	"Relationship"@en	
<http://purl.obolibrary.org/obo/BFO_0000002>	<http://www.w3.org/2000/01/rdf-schema#label>	"continuant"@en	
<http://purl.obolibrary.org/obo/BFO_0000002>	<http://www.w3.org/2000/01/rdf-schema#label>	"Continuant"@en	
<http://purl.obolibrary.org/obo/ERO_0000789>	<http://www.w3.org/2000/01/rdf-schema#label>	"Staff Role"@en	
<http://purl.obolibrary.org/obo/ERO_0001254>	<http://www.w3.org/2000/01/rdf-schema#label>	"Transport Service"@en	
<http://www.w3.org/2006/vcard/ns#Home>	<http://www.w3.org/2000/01/rdf-schema#label>	"Home"@en	
<http://vivoweb.org/ontology/core#Association>	<http://www.w3.org/2000/01/rdf-schema#label>	"Association"@en	
<http://purl.org/ontology/bibo/Magazine>	<http://www.w3.org/2000/01/rdf-schema#label>	"Magazine"@en	
<http://purl.obolibrary.org/obo/BFO_0000029>	<http://www.w3.org/2000/01/rdf-schema#label>	"Site"@en	
<http://purl.obolibrary.org/obo/IAO_0000009>	<http://www.w3.org/2000/01/rdf-schema#label>	"Datum Label"@en	
<http://www.w3.org/2006/vcard/ns#URL>	<http://www.w3.org/2000/01/rdf-schema#label>	"URL"@en	
<http://purl.org/ontology/bibo/Proceedings>	<http://www.w3.org/2000/01/rdf-schema#label>	"Proceedings"@en	
<http://www.w3.org/2006/vcard/ns#OrganizationUnitName>	<http://www.w3.org/2000/01/rdf-schema#label>	"Organizational Unit Name"@en	
<http://www.w3.org/2006/vcard/ns#Code>	<http://www.w3.org/2000/01/rdf-schema#label>	"Code"@en	
<http://www.w3.org/2006/vcard/ns#Calendar>	<http://www.w3.org/2000/01/rdf-schema#label>	"Calendar"@en	
<http://purl.obolibrary.org/obo/PATO_0000001>	<http://www.w3.org/2000/01/rdf-schema#label>	"quality"	
<http://vivoweb.org/ontology/core#Certificate>	<http://www.w3.org/2000/01/rdf-schema#label>	"Certificate"@en	
<http://vivoweb.org/ontology/core#Location>	<http://www.w3.org/2000/01/rdf-schema#label>	"Location"@en	
<http://vivoweb.org/ontology/core#MemberRole>	<http://www.w3.org/2000/01/rdf-schema#label>	"Member Role"@en	
<http://vivoweb.org/ontology/core#ConferencePaper>	<http://www.w3.org/2000/01/rdf-schema#label>	"Conference Paper"@en	
<http://purl.org/ontology/bibo/Collection>	<http://www.w3.org/2000/01/rdf-schema#label>	"Collection"@en	
<http://purl.org/ontology/bibo/LegalDecision>	<http://www.w3.org/2000/01/rdf-schema#label>	"Decision"@en	
<http://vivoweb.org/ontology/scientific-research#Phase0ClinicalTrial>	<http://www.w3.org/2000/01/rdf-schema#label>	"Phase 0 Clinical Trial"@en	
<http://vivoweb.org/ontology/core#GraduateAdvisingRelationship>	<http://www.w3.org/2000/01/rdf-schema#label>	"Graduate Advising Relationship"@en	
<http://purl.org/spar/fabio/ClinicalGuideline>	<http://www.w3.org/2000/01/rdf-schema#label>	"Clinical Guideline"@en	
<http://purl.obolibrary.org/obo/ERO_0001260>	<http://www.w3.org/2000/01/rdf-schema#label>	"Data Maintenance Service"@en	
<http://purl.org/ontology/bibo/Interview>	<http://www.w3.org/2000/01/rdf-schema#label>	"Interview"@en	
<http://vivoweb.org/ontology/core#Campus>	<http://www.w3.org/2000/01/rdf-schema#label>	"Campus"@en	
<http://purl.org/ontology/bibo/Hearing>	<http://www.w3.org/2000/01/rdf-schema#label>	"Hearing"@en	
<http://purl.org/ontology/bibo/Legislation>	<http://www.w3.org/2000/01/rdf-schema#label>	"Legislation"@en	
<http://www.w3.org/2006/vcard/ns#CalendarLink>	<http://www.w3.org/2000/01/rdf-schema#label>	"Calendar Link"@en	
<http://www.w3.org/2006/vcard/ns#FormattedName>	<http://www.w3.org/2000/01/rdf-schema#label>	"Formatted Name"@en	
<http://vivoweb.org/ontology/core#Speech>	<http://www.w3.org/2000/01/rdf-schema#label>	"Speech"@en	
<http://vivoweb.org/ontology/core#ConferencePoster>	<http://www.w3.org/2000/01/rdf-schema#label>	"Conference Poster"@en	
<http://vivoweb.org/ontology/core#InvitedTalk>	<http://www.w3.org/2000/01/rdf-schema#label>	"Invited Talk"@en	
<http://vivoweb.org/ontology/core#LeaderRole>	<http://www.w3.org/2000/01/rdf-schema#label>	"Leader Role"@en	
<http://vivoweb.org/ontology/core#Award>	<http://www.w3.org/2000/01/rdf-schema#label>	"Award or Honor"@en	
<http://aims.fao.org/aos/geopolitical.owl#area>	<http://www.w3.org/2000/01/rdf-schema#label>	"Area"@en	
<http://purl.obolibrary.org/obo/ERO_0000778>	<http://www.w3.org/2000/01/rdf-schema#label>	"Non-US Citizen"@en	
<http://www.w3.org/2006/vcard/ns#Logo>	<http://www.w3.org/2000/01/rdf-schema#label>	"Logo"@en	
<http://purl.obolibrary.org/obo/BFO_0000020>	<http://www.w3.org/2000/01/rdf-schema#label>	"specifically dependent continuant"@en	
<http://purl.obolibrary.org/obo/BFO_0000020>	<http://www.w3.org/2000/01/rdf-schema#label>	"Specifically Dependent Continuant"@en	
<http://purl.obolibrary.org/obo/ERO_0000224>	<http://www.w3.org/2000/01/rdf-schema#label>	"Funding Role"@en	
<http://purl.obolibrary.org/obo/IAO_0000032>	<http://www.w3.org/2000/01/rdf-schema#label>	"Scalar Measurement Datum"@en	
<http://www.w3.org/2006/vcard/ns#Emergency>	<http://www.w3.org/2000/01/rdf-schema#label>	"Emergency"@en	
<http://www.w3.org/2006/vcard/ns#Work>	<http://www.w3.org/2000/01/rdf-schema#label>	"Work"@en	
<http://purl.obolibrary.org/obo/GO_0003674>	<http://www.w3.org/2000/01/rdf-schema#label>	"molecular_function"	
<http://purl.obolibrary.org/obo/GO_0003674>	<http://www.w3.org/2000/01/rdf-schema#label>	"gene product or complex activity"@en	
<http://www.w3.org/2006/vcard/ns#Nickname>	<http://www.w3.org/2000/01/rdf-schema#label>	"Nickname"@en	
<http://vivoweb.org/ontology/core#Center>	<http://www.w3.org/2000/01/rdf-schema#label>	"Center"@en	
<http://aims.fao.org/aos/geopolitical.owl#geographical_region>	<http://www.w3.org/2000/01/rdf-schema#label>	"Transnational Region"@en	
<http://www.w3.org/2006/vcard/ns#Kind>	<http://www.w3.org/2000/01/rdf-schema#label>	"VCard Kind"@en	
<http://vivoweb.org/ontology/core#Program>	<http://www.w3.org/2000/01/rdf-schema#label>	"Program"@en	
<http://www.w3.org/2006/vcard/ns#Pager>	<http://www.w3.org/2000/01/rdf-schema#label>	"Pager"@en	
<http://vivoweb.org/ontology/core#ConferenceSeries>	<http://www.w3.org/2000/01/rdf-schema#label>	"Conference Series"@en	
<http://purl.org/net/OCRe/study_design.owl#Phase_2>	<http://www.w3.org/2000/01/rdf-schema#label>	"Phase 2"@en	
<http://purl.org/spar/c4o/BibliographicInformationSource>	<http://www.w3.org/2000/01/rdf-schema#label>	"Bibliographic Information Source"@en	
<http://purl.obolibrary.org/obo/BFO_0000034>	<http://www.w3.org/2000/01/rdf-schema#label>	"function"@en	
<http://purl.obolibrary.org/obo/BFO_0000034>	<http://www.w3.org/2000/01/rdf-schema#label>	"Function"@en	
<http://www.w3.org/2006/vcard/ns#Category>	<http://www.w3.org/2000/01/rdf-schema#label>	"Category"@en	
<http://vivoweb.org/ontology/core#AcademicDepartment>	<http://www.w3.org/2000/01/rdf-schema#label>	"Academic Department"@en	
<http://purl.org/ontology/bibo/Statute>	<http://www.w3.org/2000/01/rdf-schema#label>	"Statute"@en	
<http://www.w3.org/2006/vcard/ns#Key>	<http://www.w3.org/2000/01/rdf-schema#label>	"Key"@en	
<http://vivoweb.org/ontology/core#PopulatedPlace>	<http://www.w3.org/2000/01/rdf-schema#label>	"Populated Place"@en	
<http://www.w3.org/2006/vcard/ns#Note>	<http://www.w3.org/2000/01/rdf-schema#label>	"Note"@en	
<http://purl.org/ontology/bibo/Workshop>	<http://www.w3.org/2000/01/rdf-schema#label>	"Workshop"@en	
<http://purl.obolibrary.org/obo/ERO_0000391>	<http://www.w3.org/2000/01/rdf-schema#label>	"Access Service"@en	
<http://www.w3.org/2006/vcard/ns#Organizational>	<http://www.w3.org/2000/01/rdf-schema#label>	"Organizational"@en	
<http://vivoweb.org/ontology/core#Presentation>	<http://www.w3.org/2000/01/rdf-schema#label>	"Presentation"@en	
<http://purl.org/ontology/bibo/Performance>	<http://www.w3.org/2000/01/rdf-schema#label>	"Performance"@en	
<http://xmlns.com/foaf/0.1/Organization>	<http://www.w3.org/2000/01/rdf-schema#label>	"Organization"@en	
<http://purl.obolibrary.org/obo/ERO_0000786>	<http://www.w3.org/2000/01/rdf-schema#label>	"High School Student Role"@en	
<http://vivoweb.org/ontology/core#Position>	<http://www.w3.org/2000/01/rdf-schema#label>	"Position"@en	
<http://vivoweb.org/ontology/core#WorkingPaper>	<http://www.w3.org/2000/01/rdf-schema#label>	"Working Paper"@en	
<http://purl.org/ontology/bibo/Film>	<http://www.w3.org/2000/01/rdf-schema#label>	"Film"@en	
<http://purl.org/ontology/bibo/Webpage>	<http://www.w3.org/2000/01/rdf-schema#label>	"Webpage"@en	
<http://vivoweb.org/ontology/core#PrincipalInvestigatorRole>	<http://www.w3.org/2000/01/rdf-schema#label>	"Principal Investigator Role"@en	
<http://purl.org/ontology/bibo/Periodical>	<http://www.w3.org/2000/01/rdf-schema#label>	"Periodical"@en	
<http://vivoweb.org/ontology/core#NonFacultyAcademicPosition>	<http://www.w3.org/2000/01/rdf-schema#label>	"Non-Faculty Academic Position"@en	
<http://www.w3.org/2006/vcard/ns#Contact>	<http://www.w3.org/2000/01/rdf-schema#label>	"Contact"@en	
<http://purl.obolibrary.org/obo/BFO_0000004>	<http://www.w3.org/2000/01/rdf-schema#label>	"independent continuant"@en	
<http://purl.obolibrary.org/obo/BFO_0000004>	<http://www.w3.org/2000/01/rdf-schema#label>	"Independent Continuant"@en	
<http://www.w3.org/2006/vcard/ns#Explanatory>	<http://www.w3.org/2000/01/rdf-schema#label>	"Explanatory"@en	
<http://www.w3.org/2004/02/skos/core#Concept>	<http://www.w3.org/2000/01/rdf-schema#label>	"Concept"@en	
<http://purl.obolibrary.org/obo/ERO_0000780>	<http://www.w3.org/2000/01/rdf-schema#label>	"Non-Permanent Resident Role"@en	
<http://aims.fao.org/aos/geopolitical.owl#organization>	<http://www.w3.org/2000/01/rdf-schema#label>	"Organization"@en	
<http://www.w3.org/2006/vcard/ns#Muse>	<http://www.w3.org/2000/01/rdf-schema#label>	"Muse"@en	
<http://purl.obolibrary.org/obo/BFO_0000141>	<http://www.w3.org/2000/01/rdf-schema#label>	"Immaterial Entity"@en	
<http://purl.org/ontology/bibo/Code>	<http://www.w3.org/2000/01/rdf-schema#label>	"Code"@en	
<http://purl.org/ontology/bibo/DocumentPart>	<http://www.w3.org/2000/01/rdf-schema#label>	"Document Part"@en	
<http://vivoweb.org/ontology/core#Score>	<http://www.w3.org/2000/01/rdf-schema#label>	"Score"@en	
<http://vivoweb.org/ontology/core#Credential>	<http://www.w3.org/2000/01/rdf-schema#label>	"Credential"@en	
<http://vivoweb.org/ontology/core#Exhibit>	<http://www.w3.org/2000/01/rdf-schema#label>	"Exhibit"@en	
<http://vivoweb.org/ontology/core#Librarian>	<http://www.w3.org/2000/01/rdf-schema#label>	"Librarian"@en	
<http://purl.org/ontology/bibo/Journal>	<http://www.w3.org/2000/01/rdf-schema#label>	"Journal"@en	
<http://purl.obolibrary.org/obo/ERO_0000395>	<http://www.w3.org/2000/01/rdf-schema#label>	"Material Analysis Service"@en	
<http://purl.org/NET/c4dm/event.owl#Event>	<http://www.w3.org/2000/01/rdf-schema#label>	"Event"@en	
<http://www.w3.org/2006/vcard/ns#InstantMessage>	<http://www.w3.org/2000/01/rdf-schema#label>	"Messaging"@en	
<http://vivoweb.org/ontology/core#PostdocPosition>	<http://www.w3.org/2000/01/rdf-schema#label>	"Postdoctoral Position"@en	
<http://www.w3.org/2006/vcard/ns#Related>	<http://www.w3.org/2000/01/rdf-schema#label>	"Related"@en	
<http://vivoweb.org/ontology/core#Facility>	<http://www.w3.org/2000/01/rdf-schema#label>	"Facility"@en	
<http://purl.obolibrary.org/obo/ERO_0001262>	<http://www.w3.org/2000/01/rdf-schema#label>	"Data Analysis Service"@en	
<http://vivoweb.org/ontology/core#FundingOrganization>	<http://www.w3.org/2000/01/rdf-schema#label>	"Funding Organization"@en	
<http://purl.org/ontology/bibo/Article>	<http://www.w3.org/2000/01/rdf-schema#label>	"Article"@en	
<http://purl.org/ontology/bibo/Book>	<http://www.w3.org/2000/01/rdf-schema#label>	"Book"@en	
<http://vivoweb.org/ontology/core#OutreachProviderRole>	<http://www.w3.org/2000/01/rdf-schema#label>	"Outreach Provider Role"@en	
<http://vivoweb.org/ontology/core#Database>	<http://www.w3.org/2000/01/rdf-schema#label>	"Database"@en	
<http://vivoweb.org/ontology/core#LibrarianPosition>	<http://www.w3.org/2000/01/rdf-schema#label>	"Librarian Position"@en	
<http://vivoweb.org/ontology/core#Equipment>	<http://www.w3.org/2000/01/rdf-schema#label>	"Equipment"@en	
<http://purl.obolibrary.org/obo/ERO_0001257>	<http://www.w3.org/2000/01/rdf-schema#label>	"Data Storage Service"@en	
<http://purl.obolibrary.org/obo/ARG_2000377>	<http://www.w3.org/2000/01/rdf-schema#label>	"FOAF Profile"@en	
<http://purl.org/ontology/bibo/Conference>	<http://www.w3.org/2000/01/rdf-schema#label>	"Conference"@en	
<http://vivoweb.org/ontology/core#OrganizingProcess>	<http://www.w3.org/2000/01/rdf-schema#label>	"Organizing Process"@en	
<http://vivoweb.org/ontology/core#License>	<http://www.w3.org/2000/01/rdf-schema#label>	"License"@en	
<http://purl.org/ontology/bibo/Website>	<http://www.w3.org/2000/01/rdf-schema#label>	"Website"@en	
<http://aims.fao.org/aos/geopolitical.owl#group>	<http://www.w3.org/2000/01/rdf-schema#label>	"Group"@en	
<http://purl.org/ontology/bibo/ReferenceSource>	<http://www.w3.org/2000/01/rdf-schema#label>	"Reference Source"@en	
<http://vivoweb.org/ontology/core#Department>	<http://www.w3.org/2000/01/rdf-schema#label>	"Department"@en	
<http://vivoweb.org/ontology/core#AdvisorRole>	<http://www.w3.org/2000/01/rdf-schema#label>	"Advisor Role"@en	
<http://purl.org/ontology/bibo/Image>	<http://www.w3.org/2000/01/rdf-schema#label>	"Image"@en	
<http://www.w3.org/2006/vcard/ns#Spouse>	<http://www.w3.org/2000/01/rdf-schema#label>	"Spouse"@en	
<http://vivoweb.org/ontology/core#FacultyMentoringRelationship>	<http://www.w3.org/2000/01/rdf-schema#label>	"Faculty Mentoring Relationship"@en	
<http://vivoweb.org/ontology/core#GeographicLocation>	<http://www.w3.org/2000/01/rdf-schema#label>	"Geographic Location"@en	
<http://vivoweb.org/ontology/core#PostdoctoralTraining>	<http://www.w3.org/2000/01/rdf-schema#label>	"Postdoctoral Training"@en	
<http://purl.obolibrary.org/obo/BFO_0000031>	<http://www.w3.org/2000/01/rdf-schema#label>	"Generically Dependent Continuant"@en	
<http://vivoweb.org/ontology/core#Hospital>	<http://www.w3.org/2000/01/rdf-schema#label>	"Hospital"@en	
<http://vivoweb.org/ontology/scientific-research#Phase2ClinicalTrial>	<http://www.w3.org/2000/01/rdf-schema#label>	"Phase 2 Clinical Trial"@en	
<http://vivoweb.org/ontology/core#ResearchProposal>	<http://www.w3.org/2000/01/rdf-schema#label>	"Research Proposal"@en	
<http://purl.obolibrary.org/obo/ERO_0000004>	<http://www.w3.org/2000/01/rdf-schema#label>	"Instrument"@en	
<http://purl.obolibrary.org/obo/BFO_0000017>	<http://www.w3.org/2000/01/rdf-schema#label>	"Realizable Entity"@en	
<http://purl.obolibrary.org/obo/BFO_0000017>	<http://www.w3.org/2000/01/rdf-schema#label>	"realizable entity"@en	
<http://vivoweb.org/ontology/core#NonAcademicPosition>	<http://www.w3.org/2000/01/rdf-schema#label>	"Non-Academic Position"@en	
<http://www.w3.org/2006/vcard/ns#Text>	<http://www.w3.org/2000/01/rdf-schema#label>	"Text"@en	
<http://www.w3.org/2006/vcard/ns#Coresident>	<http://www.w3.org/2000/01/rdf-schema#label>	"Coresident"@en	
<http://purl.obolibrary.org/obo/ARG_2000022>	<http://www.w3.org/2000/01/rdf-schema#label>	"specialty"@en	
<http://vivoweb.org/ontology/core#PresentingProcess>	<http://www.w3.org/2000/01/rdf-schema#label>	"Presenting Process"@en	
<http://purl.org/ontology/bibo/Series>	<http://www.w3.org/2000/01/rdf-schema#label>	"Series"@en	
<http://vivoweb.org/ontology/core#AcademicTerm>	<http://www.w3.org/2000/01/rdf-schema#label>	"Academic Term"@en	
<http://purl.org/ontology/bibo/EditedBook>	<http://www.w3.org/2000/01/rdf-schema#label>	"Edited Book"@en	
<http://vivoweb.org/ontology/core#County>	<http://www.w3.org/2000/01/rdf-schema#label>	"County"@en	
<http://vivoweb.org/ontology/core#Consortium>	<http://www.w3.org/2000/01/rdf-schema#label>	"Consortium"@en	
<http://vivoweb.org/ontology/core#FacultyAdministrativePosition>	<http://www.w3.org/2000/01/rdf-schema#label>	"Faculty Administrative Position"@en	
<http://vivoweb.org/ontology/core#PrivateCompany>	<http://www.w3.org/2000/01/rdf-schema#label>	"Private Company"@en	
<http://purl.obolibrary.org/obo/OBI_0001554>	<http://www.w3.org/2000/01/rdf-schema#label>	"Rate Measurement Datum"@en	
<http://purl.obolibrary.org/obo/ERO_0000393>	<http://www.w3.org/2000/01/rdf-schema#label>	"Training Service"@en	
<http://purl.obolibrary.org/obo/ERO_0000783>	<http://www.w3.org/2000/01/rdf-schema#label>	"Student Role"@en	
<http://vivoweb.org/ontology/core#DateTimeValuePrecision>	<http://www.w3.org/2000/01/rdf-schema#label>	"DateTime Value Precision"@en	
<http://www.w3.org/2006/vcard/ns#Organization>	<http://www.w3.org/2000/01/rdf-schema#label>	"Organization"@en	
<http://www.w3.org/2006/vcard/ns#TelephoneType>	<http://www.w3.org/2000/01/rdf-schema#label>	"Telephone Type"@en	
<http://www.w3.org/2006/vcard/ns#Crush>	<http://www.w3.org/2000/01/rdf-schema#label>	"Crush"@en	
<http://www.w3.org/2006/vcard/ns#Sound>	<http://www.w3.org/2000/01/rdf-schema#label>	"Sound"@en	
<http://www.w3.org/2006/vcard/ns#Fax>	<http://www.w3.org/2000/01/rdf-schema#label>	"Fax"@en	
<http://vivoweb.org/ontology/core#Room>	<http://www.w3.org/2000/01/rdf-schema#label>	"Room"@en	
<http://aims.fao.org/aos/geopolitical.owl#special_group>	<http://www.w3.org/2000/01/rdf-schema#label>	"Special Group"@en	
<http://www.w3.org/2006/vcard/ns#Child>	<http://www.w3.org/2000/01/rdf-schema#label>	"Child"@en	
<http://purl.obolibrary.org/obo/ARG_2000021>	<http://www.w3.org/2000/01/rdf-schema#label>	"Experience"@en	
<http://purl.obolibrary.org/obo/IAO_0000102>	<http://www.w3.org/2000/01/rdf-schema#label>	"Data about an Ontology Part"@en	
<http://www.w3.org/2006/vcard/ns#Title>	<http://www.w3.org/2000/01/rdf-schema#label>	"Title"@en	
<http://purl.obolibrary.org/obo/VIVOTEST_0000001>	<http://www.w3.org/2000/01/rdf-schema#label>	"Test Person"@en	
<http://vivoweb.org/ontology/core#CoreLaboratory>	<http://www.w3.org/2000/01/rdf-schema#label>	"Core Laboratory"@en	
<http://purl.obolibrary.org/obo/BFO_0000001>	<http://www.w3.org/2000/01/rdf-schema#label>	"Entity"@en	
<http://purl.obolibrary.org/obo/ERO_0000012>	<http://www.w3.org/2000/01/rdf-schema#label>	"Service Provider Role"@en	
<http://purl.obolibrary.org/obo/BFO_0000006>	<http://www.w3.org/2000/01/rdf-schema#label>	"Spatial Region"@en	
<http://purl.obolibrary.org/obo/OBI_0500000>	<http://www.w3.org/2000/01/rdf-schema#label>	"Study Design"@en	
<http://vivoweb.org/ontology/core#Company>	<http://www.w3.org/2000/01/rdf-schema#label>	"Company"@en	
<http://aims.fao.org/aos/geopolitical.owl#self_governing>	<http://www.w3.org/2000/01/rdf-schema#label>	"Self Governing"@en	
<http://purl.org/ontology/bibo/CollectedDocument>	<http://www.w3.org/2000/01/rdf-schema#label>	"Collected Document"@en	
<http://vivoweb.org/ontology/core#Catalog>	<http://www.w3.org/2000/01/rdf-schema#label>	"Catalog"@en	
<http://vivoweb.org/ontology/core#Editorship>	<http://www.w3.org/2000/01/rdf-schema#label>	"Editorship"@en	
<http://vivoweb.org/ontology/core#Review>	<http://www.w3.org/2000/01/rdf-schema#label>	"Review"@en	
<http://vivoweb.org/ontology/core#Postdoc>	<http://www.w3.org/2000/01/rdf-schema#label>	"Postdoc"@en	
<http://purl.org/ontology/bibo/ThesisDegree>	<http://www.w3.org/2000/01/rdf-schema#label>	"Thesis degree"@en	
<http://purl.org/ontology/bibo/ThesisDegree>	<http://www.w3.org/2000/01/rdf-schema#label>	"Thesis Degree"@en	
<http://purl.obolibrary.org/obo/IAO_0000078>	<http://www.w3.org/2000/01/rdf-schema#label>	"curation status specification"@en	
<http://www.w3.org/2006/vcard/ns#Acquaintance>	<http://www.w3.org/2000/01/rdf-schema#label>	"Acquaintance"@en	
<http://www.w3.org/2006/vcard/ns#Communication>	<http://www.w3.org/2000/01/rdf-schema#label>	"Communication"@en	
<http://www.w3.org/2006/vcard/ns#Sibling>	<http://www.w3.org/2000/01/rdf-schema#label>	"Sibling"@en	
<http://www.w3.org/2006/vcard/ns#Individual>	<http://www.w3.org/2000/01/rdf-schema#label>	"Individual"@en	
<http://vivoweb.org/ontology/core#Foundation>	<http://www.w3.org/2000/01/rdf-schema#label>	"Foundation"@en	
<http://purl.obolibrary.org/obo/IAO_0000005>	<http://www.w3.org/2000/01/rdf-schema#label>	"Objective Specification"@en	
<http://purl.obolibrary.org/obo/GO_0008150>	<http://www.w3.org/2000/01/rdf-schema#label>	"biological_process"	
<http://purl.obolibrary.org/obo/GO_0008150>	<http://www.w3.org/2000/01/rdf-schema#label>	"biological process"@en	
<http://purl.obolibrary.org/obo/ERO_0001259>	<http://www.w3.org/2000/01/rdf-schema#label>	"Material Maintenance Service"@en	
<http://vivoweb.org/ontology/core#NewsRelease>	<http://www.w3.org/2000/01/rdf-schema#label>	"News Release"@en	
<http://vivoweb.org/ontology/scientific-research#Phase1ClinicalTrial>	<http://www.w3.org/2000/01/rdf-schema#label>	"Phase 1 Clinical Trial"@en	
<http://purl.org/ontology/bibo/Standard>	<http://www.w3.org/2000/01/rdf-schema#label>	"Standard"@en	
<http://vivoweb.org/ontology/core#PostdocOrFellowAdvisingRelationship>	<http://www.w3.org/2000/01/rdf-schema#label>	"Postdoc or Fellow Advising Relationship"@en	
<http://vivoweb.org/ontology/core#Contract>	<http://www.w3.org/2000/01/rdf-schema#label>	"Contract"@en	
<http://vivoweb.org/ontology/core#Grant>	<http://www.w3.org/2000/01/rdf-schema#label>	"Grant"@en	
<http://vivoweb.org/ontology/core#Licensure>	<http://www.w3.org/2000/01/rdf-schema#label>	"Licensure"@en	
<http://purl.org/ontology/bibo/AudioVisualDocument>	<http://www.w3.org/2000/01/rdf-schema#label>	"Audio-Visual Document"@en	
<http://purl.org/ontology/bibo/Manuscript>	<http://www.w3.org/2000/01/rdf-schema#label>	"manuscript"@en	
<http://vivoweb.org/ontology/core#Institute>	<http://www.w3.org/2000/01/rdf-schema#label>	"Institute"@en	
<http://aims.fao.org/aos/geopolitical.owl#territory>	<http://www.w3.org/2000/01/rdf-schema#label>	"Territory"@en	
<http://purl.obolibrary.org/obo/ERO_0000788>	<http://www.w3.org/2000/01/rdf-schema#label>	"Faculty Role"@en	
<http://purl.org/ontology/bibo/CourtReporter>	<http://www.w3.org/2000/01/rdf-schema#label>	"Court Reporter"@en	
<http://purl.obolibrary.org/obo/IAO_0000013>	<http://www.w3.org/2000/01/rdf-schema#label>	"Journal Article"@en	
<http://purl.obolibrary.org/obo/BFO_0000019>	<http://www.w3.org/2000/01/rdf-schema#label>	"quality"@en	
<http://purl.obolibrary.org/obo/BFO_0000019>	<http://www.w3.org/2000/01/rdf-schema#label>	"Quality"@en	
<http://purl.obolibrary.org/obo/ARG_2000009>	<http://www.w3.org/2000/01/rdf-schema#label>	"Expertise Measurement"@en	
<http://purl.org/ontology/bibo/BookSection>	<http://www.w3.org/2000/01/rdf-schema#label>	"Book Section"@en	
<http://purl.obolibrary.org/obo/OBI_0000017>	<http://www.w3.org/2000/01/rdf-schema#label>	"Regulatory Role"@en	
<http://www.w3.org/2006/vcard/ns#Friend>	<http://www.w3.org/2000/01/rdf-schema#label>	"Friend"@en	
<http://vivoweb.org/ontology/core#AcademicDegree>	<http://www.w3.org/2000/01/rdf-schema#label>	"Academic Degree"@en	
<http://www.w3.org/2006/vcard/ns#OrganizationName>	<http://www.w3.org/2000/01/rdf-schema#label>	"Organization Name"@en	
<http://vivoweb.org/ontology/core#ResearcherRole>	<http://www.w3.org/2000/01/rdf-schema#label>	"Researcher Role"@en	
<http://purl.obolibrary.org/obo/ERO_0000790>	<http://www.w3.org/2000/01/rdf-schema#label>	"Post-Baccalaureate Trainee"@en	
<http://aims.fao.org/aos/geopolitical.owl#other>	<http://www.w3.org/2000/01/rdf-schema#label>	"Other"@en	
<http://purl.obolibrary.org/obo/ERO_0000015>	<http://www.w3.org/2000/01/rdf-schema#label>	"Human Study"@en	
<http://vivoweb.org/ontology/core#UndergraduateStudent>	<http://www.w3.org/2000/01/rdf-schema#label>	"Undergraduate Student"@en	
<http://www.w3.org/2006/vcard/ns#Video>	<http://www.w3.org/2000/01/rdf-schema#label>	"Video"@en	
<http://aims.fao.org/aos/geopolitical.owl#non_self_governing>	<http://www.w3.org/2000/01/rdf-schema#label>	"Non Self Governing"@en	
<http://purl.org/ontology/bibo/Map>	<http://www.w3.org/2000/01/rdf-schema#label>	"Map"@en	
<http://purl.obolibrary.org/obo/OBI_0100026>	<http://www.w3.org/2000/01/rdf-schema#label>	"Organism"@en	
<http://purl.obolibrary.org/obo/ERO_0000785>	<http://www.w3.org/2000/01/rdf-schema#label>	"Graduate Student Role"@en	
<http://www.w3.org/2006/vcard/ns#Met>	<http://www.w3.org/2000/01/rdf-schema#label>	"Met"@en	
<http://www.w3.org/2006/vcard/ns#Me>	<http://www.w3.org/2000/01/rdf-schema#label>	"Me"@en	
<http://www.w3.org/2006/vcard/ns#Email>	<http://www.w3.org/2000/01/rdf-schema#label>	"Email"@en	
<http://vivoweb.org/ontology/core#IssuedCredential>	<http://www.w3.org/2000/01/rdf-schema#label>	"Issued Credential"@en	
<http://xmlns.com/foaf/0.1/Person>	<http://www.w3.org/2000/01/rdf-schema#label>	"Person"@en	
<http://xmlns.com/foaf/0.1/Person>	<http://www.w3.org/2000/01/rdf-schema#label>	"Person"	
<http://purl.org/ontology/bibo/Slide>	<http://www.w3.org/2000/01/rdf-schema#label>	"Slide"@en	
<http://vivoweb.org/ontology/core#DateTimeValue>	<http://www.w3.org/2000/01/rdf-schema#label>	"Date/Time Value"@en	
<http://purl.obolibrary.org/obo/ERO_0000007>	<http://www.w3.org/2000/01/rdf-schema#label>	"Technique"@en	
<http://vivoweb.org/ontology/core#Student>	<http://www.w3.org/2000/01/rdf-schema#label>	"Student"@en	
<http://purl.obolibrary.org/obo/IAO_0000027>	<http://www.w3.org/2000/01/rdf-schema#label>	"Data Item"@en	
<http://vivoweb.org/ontology/core#Laboratory>	<http://www.w3.org/2000/01/rdf-schema#label>	"Laboratory"@en	
<http://vivoweb.org/ontology/core#BlogPosting>	<http://www.w3.org/2000/01/rdf-schema#label>	"Blog Posting"@en	
<http://vivoweb.org/ontology/core#StudentOrganization>	<http://www.w3.org/2000/01/rdf-schema#label>	"Student Organization"@en	
<http://purl.org/ontology/bibo/Manual>	<http://www.w3.org/2000/01/rdf-schema#label>	"Manual"@en	
<http://vivoweb.org/ontology/core#AwardedDegree>	<http://www.w3.org/2000/01/rdf-schema#label>	"Awarded Degree"@en	
<http://vivoweb.org/ontology/core#GraduateStudent>	<http://www.w3.org/2000/01/rdf-schema#label>	"Graduate Student"@en	
<http://purl.obolibrary.org/obo/ERO_0000777>	<http://www.w3.org/2000/01/rdf-schema#label>	"US Citizen Role"@en	
<http://purl.org/ontology/bibo/Issue>	<http://www.w3.org/2000/01/rdf-schema#label>	"Issue"@en	
<http://purl.obolibrary.org/obo/BFO_0000003>	<http://www.w3.org/2000/01/rdf-schema#label>	"occurrent"@en	
<http://purl.obolibrary.org/obo/BFO_0000003>	<http://www.w3.org/2000/01/rdf-schema#label>	"Occurrent"@en	
<http://purl.obolibrary.org/obo/BFO_0000008>	<http://www.w3.org/2000/01/rdf-schema#label>	"Temporal Region"@en	
<http://purl.org/ontology/bibo/PersonalCommunicationDocument>	<http://www.w3.org/2000/01/rdf-schema#label>	"Personal Communication Document"@en	
<http://purl.obolibrary.org/obo/OBI_0000835>	<http://www.w3.org/2000/01/rdf-schema#label>	"Manufacturer"@en	
<http://vivoweb.org/ontology/core#SeminarSeries>	<http://www.w3.org/2000/01/rdf-schema#label>	"Seminar Series"@en	
<http://www.w3.org/2006/vcard/ns#Coworker>	<http://www.w3.org/2000/01/rdf-schema#label>	"Coworker"@en	
<http://vivoweb.org/ontology/core#Course>	<http://www.w3.org/2000/01/rdf-schema#label>	"Course"@en	
<http://vivoweb.org/ontology/core#Screenplay>	<http://www.w3.org/2000/01/rdf-schema#label>	"Screenplay"@en	
<http://purl.obolibrary.org/obo/ERO_0000914>	<http://www.w3.org/2000/01/rdf-schema#label>	"Post-Graduate Student Trainee Role"@en	
<http://purl.org/ontology/bibo/Slideshow>	<http://www.w3.org/2000/01/rdf-schema#label>	"Slideshow"@en	
<http://vivoweb.org/ontology/core#F1000Link>	<http://www.w3.org/2000/01/rdf-schema#label>	"F1000 Link"@en	
<http://purl.obolibrary.org/obo/ERO_0001261>	<http://www.w3.org/2000/01/rdf-schema#label>	"Analysis Service"@en	
<http://purl.org/net/OCRe/study_design.owl#Phase_1>	<http://www.w3.org/2000/01/rdf-schema#label>	"Phase 1"@en	
<http://purl.org/ontology/bibo/Thesis>	<http://www.w3.org/2000/01/rdf-schema#label>	"Thesis"@en	
<http://vivoweb.org/ontology/core#CollectionProcess>	<http://www.w3.org/2000/01/rdf-schema#label>	"Collection Process"@en	
<http://vivoweb.org/ontology/scientific-research#Phase4ClinicalTrial>	<http://www.w3.org/2000/01/rdf-schema#label>	"Phase 4 Clinical Trial"@en	
<http://vivoweb.org/ontology/core#ResearchOrganization>	<http://www.w3.org/2000/01/rdf-schema#label>	"Research Organization"@en	
<http://vivoweb.org/ontology/core#Museum>	<http://www.w3.org/2000/01/rdf-schema#label>	"Museum"@en	
<http://purl.obolibrary.org/obo/ERO_0001256>	<http://www.w3.org/2000/01/rdf-schema#label>	"Material Storage Service"@en	
<http://purl.obolibrary.org/obo/ARG_2000376>	<http://www.w3.org/2000/01/rdf-schema#label>	"Contact Qualifier"@en	
<http://vivoweb.org/ontology/core#AdvisingProcess>	<http://www.w3.org/2000/01/rdf-schema#label>	"Advising Process"@en	
<http://vivoweb.org/ontology/core#FacultyPosition>	<http://www.w3.org/2000/01/rdf-schema#label>	"Faculty Position"@en	
<http://purl.obolibrary.org/obo/BFO_0000040>	<http://www.w3.org/2000/01/rdf-schema#label>	"material entity"@en	
<http://purl.obolibrary.org/obo/BFO_0000040>	<http://www.w3.org/2000/01/rdf-schema#label>	"Material Entity"@en	
